"","X","phoneme","grapheme","wi","si","sm","sf","wf","total","wi_freq","si_freq","sm_freq","sf_freq","wf_freq","freq"
"1",1,"æ","a",101,13,478,253,0,845,2.00432137378264,1.11394335230684,2.67942789661212,2.40312052117582,-Inf,2.92685670894969
"2",2,"æ","a_e",2,1,19,0,0,22,0.301029995663981,0,1.27875360095283,-Inf,-Inf,1.34242268082221
"3",3,"æ","aha",0,0,0,0,0,0,-Inf,-Inf,-Inf,-Inf,-Inf,-Inf
"4",4,"æ","ai",0,0,1,0,0,1,-Inf,-Inf,0,-Inf,-Inf,0
"5",5,"æ","au",2,0,2,1,0,5,0.301029995663981,-Inf,0.301029995663981,0,-Inf,0.698970004336019
"6",6,"æ","ea",0,0,0,1,0,1,-Inf,-Inf,-Inf,0,-Inf,0
"7",7,"æ","eah",0,0,0,0,0,0,-Inf,-Inf,-Inf,-Inf,-Inf,-Inf
"8",8,"æ","i_e",0,0,0,0,0,0,-Inf,-Inf,-Inf,-Inf,-Inf,-Inf
"9",9,"ʌ","_e",0,0,7,0,0,7,-Inf,-Inf,0.845098040014257,-Inf,-Inf,0.845098040014257
"10",10,"ʌ","a",0,0,2,1,0,3,-Inf,-Inf,0.301029995663981,0,-Inf,0.477121254719662
"11",11,"ʌ","au_e",0,0,1,0,0,1,-Inf,-Inf,0,-Inf,-Inf,0
"12",12,"ʌ","o",6,0,24,39,0,69,0.778151250383644,-Inf,1.38021124171161,1.5910646070265,-Inf,1.83884909073726
"13",13,"ʌ","o_e",0,0,22,0,0,22,-Inf,-Inf,1.34242268082221,-Inf,-Inf,1.34242268082221
"14",14,"ʌ","oe",0,0,1,0,0,1,-Inf,-Inf,0,-Inf,-Inf,0
"15",15,"ʌ","oo",0,0,2,1,0,3,-Inf,-Inf,0.301029995663981,0,-Inf,0.477121254719662
"16",16,"ʌ","ou",0,0,9,8,0,17,-Inf,-Inf,0.954242509439325,0.903089986991944,-Inf,1.23044892137827
"17",17,"ʌ","u",72,1,310,120,0,503,1.85733249643127,0,2.49136169383427,2.07918124604762,-Inf,2.70156798505593
"18",18,"ʌ","u_e",0,0,12,0,0,12,-Inf,-Inf,1.07918124604762,-Inf,-Inf,1.07918124604762
"19",19,"ʌ","uh",0,0,0,0,0,0,-Inf,-Inf,-Inf,-Inf,-Inf,-Inf
"20",20,"ɪ","a",0,1,1,1,0,3,-Inf,0,0,0,-Inf,0.477121254719662
"21",21,"ɪ","a_e",0,9,28,0,0,37,-Inf,0.954242509439325,1.44715803134222,-Inf,-Inf,1.568201724067
"22",22,"ɪ","e",63,0,65,169,0,297,1.79934054945358,-Inf,1.81291335664286,2.22788670461367,-Inf,2.47275644931721
"23",23,"ɪ","e_e",0,0,9,0,0,9,-Inf,-Inf,0.954242509439325,-Inf,-Inf,0.954242509439325
"24",24,"ɪ","ea",2,0,23,4,0,29,0.301029995663981,-Inf,1.36172783601759,0.602059991327962,-Inf,1.46239799789896
"25",25,"ɪ","ee",0,0,15,1,0,16,-Inf,-Inf,1.17609125905568,0,-Inf,1.20411998265592
"26",26,"ɪ","ei",0,0,2,0,0,2,-Inf,-Inf,0.301029995663981,-Inf,-Inf,0.301029995663981
"27",27,"ɪ","eo",0,0,0,1,0,1,-Inf,-Inf,-Inf,0,-Inf,0
"28",28,"ɪ","hi",0,1,0,0,0,1,-Inf,0,-Inf,-Inf,-Inf,0
"29",29,"ɪ","i",111,33,677,381,0,1202,2.04532297878666,1.51851393987789,2.83058866868514,2.58092497567562,-Inf,3.07990446766672
"30",30,"ɪ","i_e",0,1,61,0,0,62,-Inf,0,1.78532983501077,-Inf,-Inf,1.79239168949825
"31",31,"ɪ","ia",0,0,0,0,0,0,-Inf,-Inf,-Inf,-Inf,-Inf,-Inf
"32",32,"ɪ","ia_e",0,0,3,0,0,3,-Inf,-Inf,0.477121254719662,-Inf,-Inf,0.477121254719662
"33",33,"ɪ","ie",0,0,4,0,0,4,-Inf,-Inf,0.602059991327962,-Inf,-Inf,0.602059991327962
"34",34,"ɪ","ie_e",0,0,3,0,0,3,-Inf,-Inf,0.477121254719662,-Inf,-Inf,0.477121254719662
"35",35,"ɪ","o",0,0,0,1,0,1,-Inf,-Inf,-Inf,0,-Inf,0
"36",36,"ɪ","u",0,0,3,1,0,4,-Inf,-Inf,0.477121254719662,0,-Inf,0.602059991327962
"37",37,"ɪ","ui",0,0,6,0,0,6,-Inf,-Inf,0.778151250383644,-Inf,-Inf,0.778151250383644
"38",38,"ɪ","y",0,0,9,15,0,24,-Inf,-Inf,0.954242509439325,1.17609125905568,-Inf,1.38021124171161
"39",39,"ɔɪ","awy",0,0,0,0,0,0,-Inf,-Inf,-Inf,-Inf,-Inf,-Inf
"40",40,"ɔɪ","eu",0,0,0,0,0,0,-Inf,-Inf,-Inf,-Inf,-Inf,-Inf
"41",41,"ɔɪ","oi",3,0,20,4,0,27,0.477121254719662,-Inf,1.30102999566398,0.602059991327962,-Inf,1.43136376415899
"42",42,"ɔɪ","oi_e",0,0,4,0,0,4,-Inf,-Inf,0.602059991327962,-Inf,-Inf,0.602059991327962
"43",43,"ɔɪ","oy",1,0,0,8,12,21,0,-Inf,-Inf,0.903089986991944,1.07918124604762,1.32221929473392
"44",44,"ɔɪ","oy_e",0,0,0,0,0,0,-Inf,-Inf,-Inf,-Inf,-Inf,-Inf
"45",45,"ɔɪ","oye",0,0,0,0,0,0,-Inf,-Inf,-Inf,-Inf,-Inf,-Inf
"46",46,"ɚ","_e",0,0,2,0,0,2,-Inf,-Inf,0.301029995663981,-Inf,-Inf,0.301029995663981
"47",47,"ɚ","a",0,3,59,0,0,62,-Inf,0.477121254719662,1.77085201164214,-Inf,-Inf,1.79239168949825
"48",48,"ɚ","a_e",0,0,0,0,0,0,-Inf,-Inf,-Inf,-Inf,-Inf,-Inf
"49",49,"ɚ","au",0,0,1,0,0,1,-Inf,-Inf,0,-Inf,-Inf,0
"50",50,"ɚ","e",0,36,626,0,0,662,-Inf,1.55630250076729,2.79657433321043,-Inf,-Inf,2.8208579894397
"51",51,"ɚ","e_e",0,0,11,0,0,11,-Inf,-Inf,1.04139268515823,-Inf,-Inf,1.04139268515823
"52",52,"ɚ","ea",6,0,11,0,0,17,0.778151250383644,-Inf,1.04139268515823,-Inf,-Inf,1.23044892137827
"53",53,"ɚ","ea_e",0,0,1,0,0,1,-Inf,-Inf,0,-Inf,-Inf,0
"54",54,"ɚ","eu",0,0,0,0,0,0,-Inf,-Inf,-Inf,-Inf,-Inf,-Inf
"55",55,"ɚ","he",1,0,1,0,0,2,0,-Inf,0,-Inf,-Inf,0.301029995663981
"56",56,"ɚ","i",0,0,52,0,0,52,-Inf,-Inf,1.7160033436348,-Inf,-Inf,1.7160033436348
"57",57,"ɚ","i_e",0,0,0,0,0,0,-Inf,-Inf,-Inf,-Inf,-Inf,-Inf
"58",58,"ɚ","o",2,4,115,0,0,121,0.301029995663981,0.602059991327962,2.06069784035361,-Inf,-Inf,2.08278537031645
"59",59,"ɚ","o_e",0,0,2,0,0,2,-Inf,-Inf,0.301029995663981,-Inf,-Inf,0.301029995663981
"60",60,"ɚ","oa",0,0,1,0,0,1,-Inf,-Inf,0,-Inf,-Inf,0
"61",61,"ɚ","ou",0,0,11,0,0,11,-Inf,-Inf,1.04139268515823,-Inf,-Inf,1.04139268515823
"62",62,"ɚ","ou_e",0,0,0,0,0,0,-Inf,-Inf,-Inf,-Inf,-Inf,-Inf
"63",63,"ɚ","r",0,0,0,0,0,0,-Inf,-Inf,-Inf,-Inf,-Inf,-Inf
"64",64,"ɚ","u",4,7,76,0,0,87,0.602059991327962,0.845098040014257,1.88081359228079,-Inf,-Inf,1.93951925261862
"65",65,"ɚ","u_e",1,0,43,0,0,44,0,-Inf,1.63346845557959,-Inf,-Inf,1.64345267648619
"66",66,"ɚ","y",0,0,1,0,0,1,-Inf,-Inf,0,-Inf,-Inf,0
"67",67,"aɪ","a",0,0,0,0,0,0,-Inf,-Inf,-Inf,-Inf,-Inf,-Inf
"68",68,"aɪ","ae",0,0,0,0,0,0,-Inf,-Inf,-Inf,-Inf,-Inf,-Inf
"69",69,"aɪ","ai",0,0,0,0,0,0,-Inf,-Inf,-Inf,-Inf,-Inf,-Inf
"70",70,"aɪ","ai_e",1,0,0,0,0,1,0,-Inf,-Inf,-Inf,-Inf,0
"71",71,"aɪ","ay",0,0,0,1,0,1,-Inf,-Inf,-Inf,0,-Inf,0
"72",72,"aɪ","aye",0,0,0,0,0,0,-Inf,-Inf,-Inf,-Inf,-Inf,-Inf
"73",73,"aɪ","ei",1,0,0,2,0,3,0,-Inf,-Inf,0.301029995663981,-Inf,0.477121254719662
"74",74,"aɪ","eigh",0,0,1,0,0,1,-Inf,-Inf,0,-Inf,-Inf,0
"75",75,"aɪ","ey",0,0,0,0,0,0,-Inf,-Inf,-Inf,-Inf,-Inf,-Inf
"76",76,"aɪ","eye",12,0,0,0,0,12,1.07918124604762,-Inf,-Inf,-Inf,-Inf,1.07918124604762
"77",77,"aɪ","i",11,0,40,121,0,172,1.04139268515823,-Inf,1.60205999132796,2.08278537031645,-Inf,2.23552844690755
"78",78,"aɪ","i_e",4,1,199,0,0,204,0.602059991327962,0,2.29885307640971,-Inf,-Inf,2.3096301674259
"79",79,"aɪ","ia",0,0,2,3,0,5,-Inf,-Inf,0.301029995663981,0.477121254719662,-Inf,0.698970004336019
"80",80,"aɪ","ie",0,0,7,0,6,13,-Inf,-Inf,0.845098040014257,-Inf,0.778151250383644,1.11394335230684
"81",81,"aɪ","igh",0,0,36,9,3,48,-Inf,-Inf,1.55630250076729,0.954242509439325,0.477121254719662,1.68124123737559
"82",82,"aɪ","igh_e",0,0,0,0,0,0,-Inf,-Inf,-Inf,-Inf,-Inf,-Inf
"83",83,"aɪ","oy",0,0,0,2,0,2,-Inf,-Inf,-Inf,0.301029995663981,-Inf,0.301029995663981
"84",84,"aɪ","uy",0,0,0,1,2,3,-Inf,-Inf,-Inf,0,0.301029995663981,0.477121254719662
"85",85,"aɪ","y",0,0,0,17,29,46,-Inf,-Inf,-Inf,1.23044892137827,1.46239799789896,1.66275783168157
"86",86,"aɪ","y_e",0,0,4,0,0,4,-Inf,-Inf,0.602059991327962,-Inf,-Inf,0.602059991327962
"87",87,"aɪ","ye",0,0,0,0,3,3,-Inf,-Inf,-Inf,-Inf,0.477121254719662,0.477121254719662
"88",88,"eɪ","a",12,10,10,154,0,186,1.07918124604762,1,1,2.18752072083646,-Inf,2.26951294421792
"89",89,"eɪ","a_e",5,13,219,0,0,237,0.698970004336019,1.11394335230684,2.34044411484012,-Inf,-Inf,2.3747483460101
"90",90,"eɪ","ae",0,0,0,0,1,1,-Inf,-Inf,-Inf,-Inf,0,0
"91",91,"eɪ","ai",2,0,77,17,0,96,0.301029995663981,-Inf,1.88649072517248,1.23044892137827,-Inf,1.98227123303957
"92",92,"eɪ","ai_e",1,0,4,0,0,5,0,-Inf,0.602059991327962,-Inf,-Inf,0.698970004336019
"93",93,"eɪ","aigh",0,0,1,1,0,2,-Inf,-Inf,0,0,-Inf,0.301029995663981
"94",94,"eɪ","au_e",0,0,0,0,0,0,-Inf,-Inf,-Inf,-Inf,-Inf,-Inf
"95",95,"eɪ","ay",0,0,2,17,53,72,-Inf,-Inf,0.301029995663981,1.23044892137827,1.72427586960079,1.85733249643127
"96",96,"eɪ","ay_e",0,0,0,0,0,0,-Inf,-Inf,-Inf,-Inf,-Inf,-Inf
"97",97,"eɪ","aye",0,0,0,0,0,0,-Inf,-Inf,-Inf,-Inf,-Inf,-Inf
"98",98,"eɪ","e",0,0,0,1,1,2,-Inf,-Inf,-Inf,0,0,0.301029995663981
"99",99,"eɪ","e_e",0,0,0,0,0,0,-Inf,-Inf,-Inf,-Inf,-Inf,-Inf
"100",100,"eɪ","ea",0,0,3,0,1,4,-Inf,-Inf,0.477121254719662,-Inf,0,0.602059991327962
"101",101,"eɪ","ee",0,0,0,0,0,0,-Inf,-Inf,-Inf,-Inf,-Inf,-Inf
"102",102,"eɪ","ei",0,0,5,0,0,5,-Inf,-Inf,0.698970004336019,-Inf,-Inf,0.698970004336019
"103",103,"eɪ","ei_e",0,0,1,0,0,1,-Inf,-Inf,0,-Inf,-Inf,0
"104",104,"eɪ","eigh",3,0,2,2,3,10,0.477121254719662,-Inf,0.301029995663981,0.301029995663981,0.477121254719662,1
"105",105,"eɪ","et",0,0,0,0,3,3,-Inf,-Inf,-Inf,-Inf,0.477121254719662,0.477121254719662
"106",106,"eɪ","ey",0,0,0,1,6,7,-Inf,-Inf,-Inf,0,0.778151250383644,0.845098040014257
"107",107,"eɪ","ez",0,0,0,0,0,0,-Inf,-Inf,-Inf,-Inf,-Inf,-Inf
"108",108,"ɑ","a",22,3,182,32,3,242,1.34242268082221,0.477121254719662,2.26007138798507,1.50514997831991,0.477121254719662,2.38381536598043
"109",109,"ɑ","a_e",1,0,12,0,0,13,0,-Inf,1.07918124604762,-Inf,-Inf,1.11394335230684
"110",110,"ɑ","aa",1,0,0,0,0,1,0,-Inf,-Inf,-Inf,-Inf,0
"111",111,"ɑ","aah",0,0,0,0,0,0,-Inf,-Inf,-Inf,-Inf,-Inf,-Inf
"112",112,"ɑ","ach",0,0,1,0,0,1,-Inf,-Inf,0,-Inf,-Inf,0
"113",113,"ɑ","ah",0,0,0,0,0,0,-Inf,-Inf,-Inf,-Inf,-Inf,-Inf
"114",114,"ɑ","au",4,0,3,3,0,10,0.602059991327962,-Inf,0.477121254719662,0.477121254719662,-Inf,1
"115",115,"ɑ","au_e",0,0,1,0,0,1,-Inf,-Inf,0,-Inf,-Inf,0
"116",116,"ɑ","aw",0,0,0,2,2,4,-Inf,-Inf,-Inf,0.301029995663981,0.301029995663981,0.602059991327962
"117",117,"ɑ","e",0,0,1,0,0,1,-Inf,-Inf,0,-Inf,-Inf,0
"118",118,"ɑ","ea",0,0,4,0,0,4,-Inf,-Inf,0.602059991327962,-Inf,-Inf,0.602059991327962
"119",119,"ɑ","ho",4,0,0,2,0,6,0.602059991327962,-Inf,-Inf,0.301029995663981,-Inf,0.778151250383644
"120",120,"ɑ","i",0,0,0,0,0,0,-Inf,-Inf,-Inf,-Inf,-Inf,-Inf
"121",121,"ɑ","i_e",0,0,0,0,0,0,-Inf,-Inf,-Inf,-Inf,-Inf,-Inf
"122",122,"ɑ","o",22,3,196,160,0,381,1.34242268082221,0.477121254719662,2.29225607135648,2.20411998265592,-Inf,2.58092497567562
"123",123,"ɑ","o_e",1,0,8,0,0,9,0,-Inf,0.903089986991944,-Inf,-Inf,0.954242509439325
"124",124,"ɑ","oh",0,0,0,0,0,0,-Inf,-Inf,-Inf,-Inf,-Inf,-Inf
"125",125,"ɑ","ou",3,0,0,0,0,3,0.477121254719662,-Inf,-Inf,-Inf,-Inf,0.477121254719662
"126",126,"ɑ","ow",0,0,0,2,0,2,-Inf,-Inf,-Inf,0.301029995663981,-Inf,0.301029995663981
"127",127,"b","b",483,251,1,20,63,818,2.68394713075151,2.39967372148104,0,1.30102999566398,1.79934054945358,2.91275330367132
"128",128,"b","bb",0,27,0,0,0,27,-Inf,1.43136376415899,-Inf,-Inf,-Inf,1.43136376415899
"129",129,"b","br",0,0,0,0,0,0,-Inf,-Inf,-Inf,-Inf,-Inf,-Inf
"130",130,"b","pb",0,2,0,0,0,2,-Inf,0.301029995663981,-Inf,-Inf,-Inf,0.301029995663981
"131",131,"ɔ","a",6,0,60,6,0,72,0.778151250383644,-Inf,1.77815125038364,0.778151250383644,-Inf,1.85733249643127
"132",132,"ɔ","a_e",0,0,0,0,0,0,-Inf,-Inf,-Inf,-Inf,-Inf,-Inf
"133",133,"ɔ","ao",0,0,1,0,0,1,-Inf,-Inf,0,-Inf,-Inf,0
"134",134,"ɔ","au",11,0,10,4,0,25,1.04139268515823,-Inf,1,0.602059991327962,-Inf,1.39794000867204
"135",135,"ɔ","au_e",0,0,8,0,0,8,-Inf,-Inf,0.903089986991944,-Inf,-Inf,0.903089986991944
"136",136,"ɔ","augh",0,0,2,4,0,6,-Inf,-Inf,0.301029995663981,0.602059991327962,-Inf,0.778151250383644
"137",137,"ɔ","aw",2,0,13,5,19,39,0.301029995663981,-Inf,1.11394335230684,0.698970004336019,1.27875360095283,1.5910646070265
"138",138,"ɔ","awe",1,0,2,0,0,3,0,-Inf,0.301029995663981,-Inf,-Inf,0.477121254719662
"139",139,"ɔ","eo",0,0,0,0,0,0,-Inf,-Inf,-Inf,-Inf,-Inf,-Inf
"140",140,"ɔ","eo_e",0,0,0,0,0,0,-Inf,-Inf,-Inf,-Inf,-Inf,-Inf
"141",141,"ɔ","hau",0,2,0,0,0,2,-Inf,0.301029995663981,-Inf,-Inf,-Inf,0.301029995663981
"142",142,"ɔ","o",26,1,160,36,0,223,1.41497334797082,0,2.20411998265592,1.55630250076729,-Inf,2.34830486304816
"143",143,"ɔ","o_e",1,0,39,0,0,40,0,-Inf,1.5910646070265,-Inf,-Inf,1.60205999132796
"144",144,"ɔ","oa",1,0,11,0,0,12,0,-Inf,1.04139268515823,-Inf,-Inf,1.07918124604762
"145",145,"ɔ","oa_e",0,0,2,0,0,2,-Inf,-Inf,0.301029995663981,-Inf,-Inf,0.301029995663981
"146",146,"ɔ","oo",0,0,12,1,0,13,-Inf,-Inf,1.07918124604762,0,-Inf,1.11394335230684
"147",147,"ɔ","oo_e",0,0,0,0,0,0,-Inf,-Inf,-Inf,-Inf,-Inf,-Inf
"148",148,"ɔ","ou",0,0,12,0,0,12,-Inf,-Inf,1.07918124604762,-Inf,-Inf,1.07918124604762
"149",149,"ɔ","ou_e",0,0,2,0,0,2,-Inf,-Inf,0.301029995663981,-Inf,-Inf,0.301029995663981
"150",150,"ɔ","ough",1,0,6,0,0,7,0,-Inf,0.778151250383644,-Inf,-Inf,0.845098040014257
"151",151,"tʃ","c",1,1,0,0,0,2,0,0,-Inf,-Inf,-Inf,0.301029995663981
"152",152,"tʃ","cc",0,0,0,0,0,0,-Inf,-Inf,-Inf,-Inf,-Inf,-Inf
"153",153,"tʃ","ch",89,22,2,4,64,181,1.94939000664491,1.34242268082221,0.301029995663981,0.602059991327962,1.80617997398389,2.25767857486918
"154",154,"tʃ","ci",0,0,0,0,0,0,-Inf,-Inf,-Inf,-Inf,-Inf,-Inf
"155",155,"tʃ","t",0,41,0,0,0,41,-Inf,1.61278385671974,-Inf,-Inf,-Inf,1.61278385671974
"156",156,"tʃ","tch",0,9,0,2,26,37,-Inf,0.954242509439325,-Inf,0.301029995663981,1.41497334797082,1.568201724067
"157",157,"tʃ","ti",0,4,0,0,0,4,-Inf,0.602059991327962,-Inf,-Inf,-Inf,0.602059991327962
"158",158,"d","d",349,314,20,83,412,1178,2.54282542695918,2.49692964807321,1.30102999566398,1.91907809237607,2.61489721603313,3.07114529045108
"159",159,"d","dd",0,29,1,1,2,33,-Inf,1.46239799789896,0,0,0.301029995663981,1.51851393987789
"160",160,"d","ddh",0,0,0,0,0,0,-Inf,-Inf,-Inf,-Inf,-Inf,-Inf
"161",161,"d","ed",0,0,0,0,17,17,-Inf,-Inf,-Inf,-Inf,1.23044892137827,1.23044892137827
"162",162,"d","ld",0,0,0,0,3,3,-Inf,-Inf,-Inf,-Inf,0.477121254719662,0.477121254719662
"163",163,"ð","th",17,39,4,2,7,69,1.23044892137827,1.5910646070265,0.602059991327962,0.301029995663981,0.845098040014257,1.83884909073726
"164",164,"ə","_e",0,1,195,0,0,196,-Inf,0,2.29003461136252,-Inf,-Inf,2.29225607135648
"165",165,"ə","a",135,49,151,140,59,534,2.13033376849501,1.69019608002851,2.17897694729317,2.14612803567824,1.77085201164214,2.72754125702856
"166",166,"ə","a_e",0,6,23,0,0,29,-Inf,0.778151250383644,1.36172783601759,-Inf,-Inf,1.46239799789896
"167",167,"ə","ae",0,0,0,0,0,0,-Inf,-Inf,-Inf,-Inf,-Inf,-Inf
"168",168,"ə","ah",0,0,0,0,1,1,-Inf,-Inf,-Inf,-Inf,0,0
"169",169,"ə","ai",0,0,9,0,0,9,-Inf,-Inf,0.954242509439325,-Inf,-Inf,0.954242509439325
"170",170,"ə","au",1,0,0,0,0,1,0,-Inf,-Inf,-Inf,-Inf,0
"171",171,"ə","au_e",0,0,1,0,0,1,-Inf,-Inf,0,-Inf,-Inf,0
"172",172,"ə","e",4,24,319,87,1,435,0.602059991327962,1.38021124171161,2.50379068305718,1.93951925261862,0,2.63848925695464
"173",173,"ə","e_e",0,7,19,0,0,26,-Inf,0.845098040014257,1.27875360095283,-Inf,-Inf,1.41497334797082
"174",174,"ə","ea",0,0,3,0,0,3,-Inf,-Inf,0.477121254719662,-Inf,-Inf,0.477121254719662
"175",175,"ə","ea_e",0,0,0,0,0,0,-Inf,-Inf,-Inf,-Inf,-Inf,-Inf
"176",176,"ə","ei",0,0,1,0,0,1,-Inf,-Inf,0,-Inf,-Inf,0
"177",177,"ə","eo",0,0,4,0,0,4,-Inf,-Inf,0.602059991327962,-Inf,-Inf,0.602059991327962
"178",178,"ə","eou",0,0,2,0,0,2,-Inf,-Inf,0.301029995663981,-Inf,-Inf,0.301029995663981
"179",179,"ə","ha",0,0,0,0,0,0,-Inf,-Inf,-Inf,-Inf,-Inf,-Inf
"180",180,"ə","he",0,0,0,0,0,0,-Inf,-Inf,-Inf,-Inf,-Inf,-Inf
"181",181,"ə","hi",0,0,0,0,0,0,-Inf,-Inf,-Inf,-Inf,-Inf,-Inf
"182",182,"ə","ho",0,0,0,1,0,1,-Inf,-Inf,-Inf,0,-Inf,0
"183",183,"ə","i",0,3,37,116,0,156,-Inf,0.477121254719662,1.568201724067,2.06445798922692,-Inf,2.19312459835446
"184",184,"ə","i_e",0,0,13,0,0,13,-Inf,-Inf,1.11394335230684,-Inf,-Inf,1.11394335230684
"185",185,"ə","ia",0,0,0,0,0,0,-Inf,-Inf,-Inf,-Inf,-Inf,-Inf
"186",186,"ə","ia_e",0,0,0,0,0,0,-Inf,-Inf,-Inf,-Inf,-Inf,-Inf
"187",187,"ə","ie",0,0,4,0,0,4,-Inf,-Inf,0.602059991327962,-Inf,-Inf,0.602059991327962
"188",188,"ə","o",12,17,224,140,0,393,1.07918124604762,1.23044892137827,2.35024801833416,2.14612803567824,-Inf,2.59439255037543
"189",189,"ə","o_e",0,0,6,0,0,6,-Inf,-Inf,0.778151250383644,-Inf,-Inf,0.778151250383644
"190",190,"ə","oi",0,0,0,0,0,0,-Inf,-Inf,-Inf,-Inf,-Inf,-Inf
"191",191,"ə","oi_e",0,0,1,0,0,1,-Inf,-Inf,0,-Inf,-Inf,0
"192",192,"ə","on",0,0,0,0,0,0,-Inf,-Inf,-Inf,-Inf,-Inf,-Inf
"193",193,"ə","ou",0,14,14,4,0,32,-Inf,1.14612803567824,1.14612803567824,0.602059991327962,-Inf,1.50514997831991
"194",194,"ə","u",1,12,82,21,0,116,0,1.07918124604762,1.91381385238372,1.32221929473392,-Inf,2.06445798922692
"195",195,"ə","u_e",0,0,4,0,0,4,-Inf,-Inf,0.602059991327962,-Inf,-Inf,0.602059991327962
"196",196,"ə","ua",0,0,0,2,0,2,-Inf,-Inf,-Inf,0.301029995663981,-Inf,0.301029995663981
"197",197,"ə","ui",0,0,1,0,0,1,-Inf,-Inf,0,-Inf,-Inf,0
"198",198,"ə","y",0,0,0,1,0,1,-Inf,-Inf,-Inf,0,-Inf,0
"199",199,"ɛ","a",9,1,1,58,0,69,0.954242509439325,0,0,1.76342799356294,-Inf,1.83884909073726
"200",200,"ɛ","a_e",0,0,31,0,0,31,-Inf,-Inf,1.49136169383427,-Inf,-Inf,1.49136169383427
"201",201,"ɛ","aa",0,0,0,0,0,0,-Inf,-Inf,-Inf,-Inf,-Inf,-Inf
"202",202,"ɛ","ae",1,0,0,0,0,1,0,-Inf,-Inf,-Inf,-Inf,0
"203",203,"ɛ","ah",0,0,0,0,0,0,-Inf,-Inf,-Inf,-Inf,-Inf,-Inf
"204",204,"ɛ","ai",6,0,20,5,0,31,0.778151250383644,-Inf,1.30102999566398,0.698970004336019,-Inf,1.49136169383427
"205",205,"ɛ","ai_e",0,0,1,0,0,1,-Inf,-Inf,0,-Inf,-Inf,0
"206",206,"ɛ","ay",0,0,0,0,0,0,-Inf,-Inf,-Inf,-Inf,-Inf,-Inf
"207",207,"ɛ","aye",0,0,1,0,0,1,-Inf,-Inf,0,-Inf,-Inf,0
"208",208,"ɛ","e",83,8,385,229,0,705,1.91907809237607,0.903089986991944,2.5854607295085,2.35983548233989,-Inf,2.8481891169914
"209",209,"ɛ","e_e",9,0,38,0,0,47,0.954242509439325,-Inf,1.57978359661681,-Inf,-Inf,1.67209785793572
"210",210,"ɛ","ea",0,0,47,29,0,76,-Inf,-Inf,1.67209785793572,1.46239799789896,-Inf,1.88081359228079
"211",211,"ɛ","ea_e",0,0,1,0,0,1,-Inf,-Inf,0,-Inf,-Inf,0
"212",212,"ɛ","eh",0,0,0,0,0,0,-Inf,-Inf,-Inf,-Inf,-Inf,-Inf
"213",213,"ɛ","ei",0,0,2,1,0,3,-Inf,-Inf,0.301029995663981,0,-Inf,0.477121254719662
"214",214,"ɛ","eo",0,0,0,2,0,2,-Inf,-Inf,-Inf,0.301029995663981,-Inf,0.301029995663981
"215",215,"ɛ","hei",0,0,0,0,0,0,-Inf,-Inf,-Inf,-Inf,-Inf,-Inf
"216",216,"ɛ","ie",0,0,5,0,0,5,-Inf,-Inf,0.698970004336019,-Inf,-Inf,0.698970004336019
"217",217,"ɛ","u",0,0,0,3,0,3,-Inf,-Inf,-Inf,0.477121254719662,-Inf,0.477121254719662
"218",218,"f","f",345,149,25,14,45,578,2.53781909507327,2.17318626841227,1.39794000867204,1.14612803567824,1.65321251377534,2.76192783842053
"219",219,"f","ff",0,46,1,2,20,69,-Inf,1.66275783168157,0,0.301029995663981,1.30102999566398,1.83884909073726
"220",220,"f","ft",0,1,0,0,0,1,-Inf,0,-Inf,-Inf,-Inf,0
"221",221,"f","gh",0,1,0,1,6,8,-Inf,0,-Inf,0,0.778151250383644,0.903089986991944
"222",222,"f","lf",0,0,0,0,2,2,-Inf,-Inf,-Inf,-Inf,0.301029995663981,0.301029995663981
"223",223,"f","ph",14,19,3,0,6,42,1.14612803567824,1.27875360095283,0.477121254719662,-Inf,0.778151250383644,1.6232492903979
"224",224,"f","pph",0,1,0,0,0,1,-Inf,0,-Inf,-Inf,-Inf,0
"225",225,"g","g",228,156,1,15,57,457,2.35793484700045,2.19312459835446,0,1.17609125905568,1.75587485567249,2.65991620006985
"226",226,"g","gg",0,33,0,3,1,37,-Inf,1.51851393987789,-Inf,0.477121254719662,0,1.568201724067
"227",227,"g","gh",3,1,0,0,0,4,0.477121254719662,0,-Inf,-Inf,-Inf,0.602059991327962
"228",228,"g","gu",7,2,0,0,2,11,0.845098040014257,0.301029995663981,-Inf,-Inf,0.301029995663981,1.04139268515823
"229",229,"dʒ","d",0,13,0,0,0,13,-Inf,1.11394335230684,-Inf,-Inf,-Inf,1.11394335230684
"230",230,"dʒ","dg",0,3,0,1,23,27,-Inf,0.477121254719662,-Inf,0,1.36172783601759,1.43136376415899
"231",231,"dʒ","di",0,1,0,0,0,1,-Inf,0,-Inf,-Inf,-Inf,0
"232",232,"dʒ","dj",0,2,0,0,0,2,-Inf,0.301029995663981,-Inf,-Inf,-Inf,0.301029995663981
"233",233,"dʒ","g",21,66,0,3,65,155,1.32221929473392,1.81954393554187,-Inf,0.477121254719662,1.81291335664286,2.19033169817029
"234",234,"dʒ","gg",0,2,0,0,0,2,-Inf,0.301029995663981,-Inf,-Inf,-Inf,0.301029995663981
"235",235,"dʒ","gi",0,2,0,0,0,2,-Inf,0.301029995663981,-Inf,-Inf,-Inf,0.301029995663981
"236",236,"dʒ","j",71,18,0,0,0,89,1.85125834871908,1.25527250510331,-Inf,-Inf,-Inf,1.94939000664491
"237",237,"gz","x",0,0,0,9,0,9,-Inf,-Inf,-Inf,0.954242509439325,-Inf,0.954242509439325
"238",238,"h","h",260,52,0,0,0,312,2.41497334797082,1.7160033436348,-Inf,-Inf,-Inf,2.49415459401844
"239",239,"h","j",0,0,0,0,0,0,-Inf,-Inf,-Inf,-Inf,-Inf,-Inf
"240",240,"h","wh",4,0,0,0,0,4,0.602059991327962,-Inf,-Inf,-Inf,-Inf,0.602059991327962
"241",241,"i","a",0,0,0,0,0,0,-Inf,-Inf,-Inf,-Inf,-Inf,-Inf
"242",242,"i","ae",0,0,0,0,0,0,-Inf,-Inf,-Inf,-Inf,-Inf,-Inf
"243",243,"i","ay",0,0,0,0,0,0,-Inf,-Inf,-Inf,-Inf,-Inf,-Inf
"244",244,"i","e",18,2,0,97,14,131,1.25527250510331,0.301029995663981,-Inf,1.98677173426624,1.14612803567824,2.11727129565576
"245",245,"i","e_e",2,0,13,0,0,15,0.301029995663981,-Inf,1.11394335230684,-Inf,-Inf,1.17609125905568
"246",246,"i","ea",11,0,89,60,7,167,1.04139268515823,-Inf,1.94939000664491,1.77815125038364,0.845098040014257,2.22271647114758
"247",247,"i","ea_e",1,0,14,0,0,15,0,-Inf,1.14612803567824,-Inf,-Inf,1.17609125905568
"248",248,"i","ee",1,0,83,42,24,150,0,-Inf,1.91907809237607,1.6232492903979,1.38021124171161,2.17609125905568
"249",249,"i","ee_e",0,0,13,0,0,13,-Inf,-Inf,1.11394335230684,-Inf,-Inf,1.11394335230684
"250",250,"i","ei",1,0,3,3,0,7,0,-Inf,0.477121254719662,0.477121254719662,-Inf,0.845098040014257
"251",251,"i","ei_e",0,0,3,0,0,3,-Inf,-Inf,0.477121254719662,-Inf,-Inf,0.477121254719662
"252",252,"i","eo",0,0,0,1,0,1,-Inf,-Inf,-Inf,0,-Inf,0
"253",253,"i","ey",0,0,1,5,17,23,-Inf,-Inf,0,0.698970004336019,1.23044892137827,1.36172783601759
"254",254,"i","i",0,1,2,95,15,113,-Inf,0,0.301029995663981,1.97772360528885,1.17609125905568,2.05307844348342
"255",255,"i","i_e",0,3,15,0,0,18,-Inf,0.477121254719662,1.17609125905568,-Inf,-Inf,1.25527250510331
"256",256,"i","ie",0,1,25,4,17,47,-Inf,0,1.39794000867204,0.602059991327962,1.23044892137827,1.67209785793572
"257",257,"i","ie_e",0,0,7,0,0,7,-Inf,-Inf,0.845098040014257,-Inf,-Inf,0.845098040014257
"258",258,"i","is",0,0,0,0,0,0,-Inf,-Inf,-Inf,-Inf,-Inf,-Inf
"259",259,"i","oe",0,0,0,0,0,0,-Inf,-Inf,-Inf,-Inf,-Inf,-Inf
"260",260,"i","y",0,4,0,21,443,468,-Inf,0.602059991327962,-Inf,1.32221929473392,2.64640372622307,2.67024585307412
"261",261,"j","i",0,4,16,0,0,20,-Inf,0.602059991327962,1.20411998265592,-Inf,-Inf,1.30102999566398
"262",262,"j","ill",0,0,0,0,0,0,-Inf,-Inf,-Inf,-Inf,-Inf,-Inf
"263",263,"j","j",0,0,0,0,0,0,-Inf,-Inf,-Inf,-Inf,-Inf,-Inf
"264",264,"j","ll",0,1,0,0,0,1,-Inf,0,-Inf,-Inf,-Inf,0
"265",265,"j","y",34,8,3,0,0,45,1.53147891704226,0.903089986991944,0.477121254719662,-Inf,-Inf,1.65321251377534
"266",266,"jɚ","u",0,0,1,0,0,1,-Inf,-Inf,0,-Inf,-Inf,0
"267",267,"jɚ","u_e",0,0,4,0,0,4,-Inf,-Inf,0.602059991327962,-Inf,-Inf,0.602059991327962
"268",268,"jə","u",0,0,0,13,0,13,-Inf,-Inf,-Inf,1.11394335230684,-Inf,1.11394335230684
"269",269,"jə","ua",0,1,0,0,0,1,-Inf,0,-Inf,-Inf,-Inf,0
"270",270,"ju","eau",0,0,0,2,0,2,-Inf,-Inf,-Inf,0.301029995663981,-Inf,0.301029995663981
"271",271,"ju","eu",0,0,0,0,0,0,-Inf,-Inf,-Inf,-Inf,-Inf,-Inf
"272",272,"ju","eue",0,0,0,0,0,0,-Inf,-Inf,-Inf,-Inf,-Inf,-Inf
"273",273,"ju","ew",0,0,0,0,4,4,-Inf,-Inf,-Inf,-Inf,0.602059991327962,0.602059991327962
"274",274,"ju","ewe",1,0,0,0,0,1,0,-Inf,-Inf,-Inf,-Inf,0
"275",275,"ju","hu",1,0,0,0,0,1,0,-Inf,-Inf,-Inf,-Inf,0
"276",276,"ju","ou",0,0,0,0,0,0,-Inf,-Inf,-Inf,-Inf,-Inf,-Inf
"277",277,"ju","u",11,0,1,44,1,57,1.04139268515823,-Inf,0,1.64345267648619,0,1.75587485567249
"278",278,"ju","u_e",4,1,17,0,0,22,0.602059991327962,0,1.23044892137827,-Inf,-Inf,1.34242268082221
"279",279,"ju","ua",0,1,0,0,0,1,-Inf,0,-Inf,-Inf,-Inf,0
"280",280,"ju","ue",0,0,1,0,6,7,-Inf,-Inf,0,-Inf,0.778151250383644,0.845098040014257
"281",281,"ju","ugh",0,0,0,0,0,0,-Inf,-Inf,-Inf,-Inf,-Inf,-Inf
"282",282,"ju","ui",0,0,0,1,0,1,-Inf,-Inf,-Inf,0,-Inf,0
"283",283,"ju","ut",0,0,0,0,0,0,-Inf,-Inf,-Inf,-Inf,-Inf,-Inf
"284",284,"ju","uu",0,0,1,0,0,1,-Inf,-Inf,0,-Inf,-Inf,0
"285",285,"jʊ","eu",0,0,0,0,0,0,-Inf,-Inf,-Inf,-Inf,-Inf,-Inf
"286",286,"jʊ","u",2,0,0,6,0,8,0.301029995663981,-Inf,-Inf,0.778151250383644,-Inf,0.903089986991944
"287",287,"jʊ","u_e",0,0,3,0,0,3,-Inf,-Inf,0.477121254719662,-Inf,-Inf,0.477121254719662
"288",288,"k","c",464,193,123,85,40,905,2.66651798055488,2.28555730900777,2.0899051114394,1.92941892571429,1.60205999132796,2.9566485792052
"289",289,"k","cc",0,17,0,0,0,17,-Inf,1.23044892137827,-Inf,-Inf,-Inf,1.23044892137827
"290",290,"k","cch",0,1,0,0,0,1,-Inf,0,-Inf,-Inf,-Inf,0
"291",291,"k","ch",10,9,14,1,6,40,1,0.954242509439325,1.14612803567824,0,0.778151250383644,1.60205999132796
"292",292,"k","ck",0,74,5,14,86,179,-Inf,1.86923171973098,0.698970004336019,1.14612803567824,1.93449845124357,2.25285303097989
"293",293,"k","cq",0,0,0,0,0,0,-Inf,-Inf,-Inf,-Inf,-Inf,-Inf
"294",294,"k","k",41,91,34,20,184,370,1.61278385671974,1.95904139232109,1.53147891704226,1.30102999566398,2.26481782300954,2.568201724067
"295",295,"k","kh",1,0,0,0,0,1,0,-Inf,-Inf,-Inf,-Inf,0
"296",296,"k","kk",0,0,0,0,0,0,-Inf,-Inf,-Inf,-Inf,-Inf,-Inf
"297",297,"k","lk",0,2,1,0,11,14,-Inf,0.301029995663981,0,-Inf,1.04139268515823,1.14612803567824
"298",298,"k","q",23,13,17,0,0,53,1.36172783601759,1.11394335230684,1.23044892137827,-Inf,-Inf,1.72427586960079
"299",299,"k","qu",0,4,1,0,4,9,-Inf,0.602059991327962,0,-Inf,0.602059991327962,0.954242509439325
"300",300,"k","x",0,0,0,8,0,8,-Inf,-Inf,-Inf,0.903089986991944,-Inf,0.903089986991944
"301",301,"ks","x",0,0,6,49,24,79,-Inf,-Inf,0.778151250383644,1.69019608002851,1.38021124171161,1.89762709129044
"302",302,"kʃ","x",0,0,0,1,0,1,-Inf,-Inf,-Inf,0,-Inf,0
"303",303,"kʃ","xi",0,0,0,1,0,1,-Inf,-Inf,-Inf,0,-Inf,0
"304",304,"l","l",242,310,559,105,539,1755,2.38381536598043,2.49136169383427,2.74741180788642,2.02118929906994,2.73158876518674,3.24427712080184
"305",305,"l","ll",0,105,3,17,81,206,-Inf,2.02118929906994,0.477121254719662,1.23044892137827,1.90848501887865,2.31386722036915
"306",306,"l","sl",0,1,0,0,2,3,-Inf,0,-Inf,-Inf,0.301029995663981,0.477121254719662
"307",307,"m","gm",0,0,0,0,0,0,-Inf,-Inf,-Inf,-Inf,-Inf,-Inf
"308",308,"m","lm",0,1,0,0,3,4,-Inf,0,-Inf,-Inf,0.477121254719662,0.602059991327962
"309",309,"m","m",317,253,78,143,194,985,2.50105926221775,2.40312052117582,1.89209460269048,2.15533603746506,2.28780172993023,2.99343623049761
"310",310,"m","mb",0,1,0,0,13,14,-Inf,0,-Inf,-Inf,1.11394335230684,1.14612803567824
"311",311,"m","mm",0,39,0,0,0,39,-Inf,1.5910646070265,-Inf,-Inf,-Inf,1.5910646070265
"312",312,"m","mn",0,0,0,0,4,4,-Inf,-Inf,-Inf,-Inf,0.602059991327962,0.602059991327962
"313",313,"m","thm",0,1,0,0,0,1,-Inf,0,-Inf,-Inf,-Inf,0
"314",314,"n","dn",0,0,0,0,0,0,-Inf,-Inf,-Inf,-Inf,-Inf,-Inf
"315",315,"n","gn",3,2,0,1,5,11,0.477121254719662,0.301029995663981,-Inf,0,0.698970004336019,1.04139268515823
"316",316,"n","kn",21,2,0,0,0,23,1.32221929473392,0.301029995663981,-Inf,-Inf,-Inf,1.36172783601759
"317",317,"n","ln",0,0,0,0,0,0,-Inf,-Inf,-Inf,-Inf,-Inf,-Inf
"318",318,"n","mn",0,0,0,0,0,0,-Inf,-Inf,-Inf,-Inf,-Inf,-Inf
"319",319,"n","n",125,363,454,419,604,1965,2.09691001300806,2.55990662503611,2.6570558528571,2.6222140229663,2.78103693862113,3.29336255471145
"320",320,"n","nn",0,40,2,0,1,43,-Inf,1.60205999132796,0.301029995663981,-Inf,0,1.63346845557959
"321",321,"n","pn",1,0,0,0,0,1,0,-Inf,-Inf,-Inf,-Inf,0
"322",322,"ŋ","n",0,0,56,59,0,115,-Inf,-Inf,1.7481880270062,1.77085201164214,-Inf,2.06069784035361
"323",323,"ŋ","nd",0,0,0,1,0,1,-Inf,-Inf,-Inf,0,-Inf,0
"324",324,"ŋ","ng",0,0,15,13,233,261,-Inf,-Inf,1.17609125905568,1.11394335230684,2.36735592102602,2.41664050733828
"325",325,"ŋ","ngu",0,0,0,0,1,1,-Inf,-Inf,-Inf,-Inf,0,0
"326",326,"nj","gn",0,1,0,0,0,1,-Inf,0,-Inf,-Inf,-Inf,0
"327",327,"nj","n",0,0,0,0,0,0,-Inf,-Inf,-Inf,-Inf,-Inf,-Inf
"328",328,"oʊ","aoh",0,0,0,0,1,1,-Inf,-Inf,-Inf,-Inf,0,0
"329",329,"oʊ","au",0,0,0,0,0,0,-Inf,-Inf,-Inf,-Inf,-Inf,-Inf
"330",330,"oʊ","au_e",0,0,0,0,0,0,-Inf,-Inf,-Inf,-Inf,-Inf,-Inf
"331",331,"oʊ","aux",0,0,0,0,0,0,-Inf,-Inf,-Inf,-Inf,-Inf,-Inf
"332",332,"oʊ","eau",0,0,0,0,0,0,-Inf,-Inf,-Inf,-Inf,-Inf,-Inf
"333",333,"oʊ","eaux",0,0,0,0,0,0,-Inf,-Inf,-Inf,-Inf,-Inf,-Inf
"334",334,"oʊ","eou",0,0,0,0,0,0,-Inf,-Inf,-Inf,-Inf,-Inf,-Inf
"335",335,"oʊ","ew",0,0,1,1,0,2,-Inf,-Inf,0,0,-Inf,0.301029995663981
"336",336,"oʊ","o",15,4,52,127,54,252,1.17609125905568,0.602059991327962,1.7160033436348,2.10380372095596,1.73239375982297,2.40140054078154
"337",337,"oʊ","o_e",0,2,116,0,0,118,-Inf,0.301029995663981,2.06445798922692,-Inf,-Inf,2.07188200730613
"338",338,"oʊ","oa",4,0,40,9,1,54,0.602059991327962,-Inf,1.60205999132796,0.954242509439325,0,1.73239375982297
"339",339,"oʊ","oa_e",0,0,0,0,0,0,-Inf,-Inf,-Inf,-Inf,-Inf,-Inf
"340",340,"oʊ","oe",0,0,2,1,5,8,-Inf,-Inf,0.301029995663981,0,0.698970004336019,0.903089986991944
"341",341,"oʊ","oh",0,0,0,0,0,0,-Inf,-Inf,-Inf,-Inf,-Inf,-Inf
"342",342,"oʊ","oo",0,0,0,0,0,0,-Inf,-Inf,-Inf,-Inf,-Inf,-Inf
"343",343,"oʊ","os",0,0,0,0,0,0,-Inf,-Inf,-Inf,-Inf,-Inf,-Inf
"344",344,"oʊ","ot",0,0,0,0,1,1,-Inf,-Inf,-Inf,-Inf,0,0
"345",345,"oʊ","ou",0,0,4,0,0,4,-Inf,-Inf,0.602059991327962,-Inf,-Inf,0.602059991327962
"346",346,"oʊ","ou_e",0,0,1,0,0,1,-Inf,-Inf,0,-Inf,-Inf,0
"347",347,"oʊ","ough",0,1,0,1,4,6,-Inf,0,-Inf,0,0.602059991327962,0.778151250383644
"348",348,"oʊ","ow",2,0,10,16,41,69,0.301029995663981,-Inf,1,1.20411998265592,1.61278385671974,1.83884909073726
"349",349,"oʊ","owe",1,0,0,0,0,1,0,-Inf,-Inf,-Inf,-Inf,0
"350",350,"aʊ","ao",0,0,0,0,0,0,-Inf,-Inf,-Inf,-Inf,-Inf,-Inf
"351",351,"aʊ","au",0,0,1,1,0,2,-Inf,-Inf,0,0,-Inf,0.301029995663981
"352",352,"aʊ","ho",1,0,0,0,0,1,0,-Inf,-Inf,-Inf,-Inf,0
"353",353,"aʊ","hou",1,0,0,0,0,1,0,-Inf,-Inf,-Inf,-Inf,0
"354",354,"aʊ","o",3,0,0,2,0,5,0.477121254719662,-Inf,-Inf,0.301029995663981,-Inf,0.698970004336019
"355",355,"aʊ","ou",15,1,64,5,0,85,1.17609125905568,0,1.80617997398389,0.698970004336019,-Inf,1.92941892571429
"356",356,"aʊ","ou_e",1,0,22,0,0,23,0,-Inf,1.34242268082221,-Inf,-Inf,1.36172783601759
"357",357,"aʊ","ough",0,0,1,0,1,2,-Inf,-Inf,0,-Inf,0,0.301029995663981
"358",358,"aʊ","ow",1,0,19,21,15,56,0,-Inf,1.27875360095283,1.32221929473392,1.17609125905568,1.7481880270062
"359",359,"aʊ","ow_e",0,0,1,0,0,1,-Inf,-Inf,0,-Inf,-Inf,0
"360",360,"aʊ","owe",0,0,0,0,0,0,-Inf,-Inf,-Inf,-Inf,-Inf,-Inf
"361",361,"p","bp",0,0,0,0,0,0,-Inf,-Inf,-Inf,-Inf,-Inf,-Inf
"362",362,"p","gh",0,0,0,0,1,1,-Inf,-Inf,-Inf,-Inf,0,0
"363",363,"p","p",471,237,149,47,202,1106,2.6730209071289,2.3747483460101,2.17318626841227,1.67209785793572,2.30535136944662,3.04375512696868
"364",364,"p","pp",0,66,2,1,0,69,-Inf,1.81954393554187,0.301029995663981,0,-Inf,1.83884909073726
"365",365,"ɹ","lo",0,0,0,0,0,0,-Inf,-Inf,-Inf,-Inf,-Inf,-Inf
"366",366,"ɹ","o",0,0,2,0,0,2,-Inf,-Inf,0.301029995663981,-Inf,-Inf,0.301029995663981
"367",367,"ɹ","or",0,0,1,0,0,1,-Inf,-Inf,0,-Inf,-Inf,0
"368",368,"ɹ","r",301,209,1131,502,751,2894,2.47856649559384,2.32014628611105,3.05346260492546,2.70070371714502,2.87563993700417,3.46149852678302
"369",369,"ɹ","ra",0,0,0,1,0,1,-Inf,-Inf,-Inf,0,-Inf,0
"370",370,"ɹ","rh",4,0,0,0,0,4,0.602059991327962,-Inf,-Inf,-Inf,-Inf,0.602059991327962
"371",371,"ɹ","ro",0,0,0,0,0,0,-Inf,-Inf,-Inf,-Inf,-Inf,-Inf
"372",372,"ɹ","rps",0,0,0,0,0,0,-Inf,-Inf,-Inf,-Inf,-Inf,-Inf
"373",373,"ɹ","rr",0,72,0,8,2,82,-Inf,1.85733249643127,-Inf,0.903089986991944,0.301029995663981,1.91381385238372
"374",374,"ɹ","rrh",0,0,0,0,0,0,-Inf,-Inf,-Inf,-Inf,-Inf,-Inf
"375",375,"ɹ","rt",0,0,0,0,0,0,-Inf,-Inf,-Inf,-Inf,-Inf,-Inf
"376",376,"ɹ","wr",23,3,1,0,0,27,1.36172783601759,0.477121254719662,0,-Inf,-Inf,1.43136376415899
"377",377,"s","c",35,111,3,11,113,273,1.54406804435028,2.04532297878666,0.477121254719662,1.04139268515823,2.05307844348342,2.43616264704076
"378",378,"s","es",0,0,0,0,4,4,-Inf,-Inf,-Inf,-Inf,0.602059991327962,0.602059991327962
"379",379,"s","ps",2,0,0,0,0,2,0.301029995663981,-Inf,-Inf,-Inf,-Inf,0.301029995663981
"380",380,"s","s",823,321,129,34,187,1494,2.91539983521227,2.50650503240487,2.11058971029925,1.53147891704226,2.2718416065365,3.17435059747938
"381",381,"s","sc",5,4,0,0,0,9,0.698970004336019,0.602059991327962,-Inf,-Inf,-Inf,0.954242509439325
"382",382,"s","ss",0,57,2,4,121,184,-Inf,1.75587485567249,0.301029995663981,0.602059991327962,2.08278537031645,2.26481782300954
"383",383,"s","st",0,13,0,1,0,14,-Inf,1.11394335230684,-Inf,0,-Inf,1.14612803567824
"384",384,"s","sw",1,1,0,0,0,2,0,0,-Inf,-Inf,-Inf,0.301029995663981
"385",385,"s","ts",0,0,0,0,0,0,-Inf,-Inf,-Inf,-Inf,-Inf,-Inf
"386",386,"s","tz",0,0,0,0,1,1,-Inf,-Inf,-Inf,-Inf,0,0
"387",387,"s","z",0,2,0,0,2,4,-Inf,0.301029995663981,-Inf,-Inf,0.301029995663981,0.602059991327962
"388",388,"ʃ","c",0,3,0,2,0,5,-Inf,0.477121254719662,-Inf,0.301029995663981,-Inf,0.698970004336019
"389",389,"ʃ","ch",3,3,0,0,2,8,0.477121254719662,0.477121254719662,-Inf,-Inf,0.301029995663981,0.903089986991944
"390",390,"ʃ","chs",0,0,0,0,0,0,-Inf,-Inf,-Inf,-Inf,-Inf,-Inf
"391",391,"ʃ","ci",0,16,0,0,0,16,-Inf,1.20411998265592,-Inf,-Inf,-Inf,1.20411998265592
"392",392,"ʃ","s",2,0,0,0,0,2,0.301029995663981,-Inf,-Inf,-Inf,-Inf,0.301029995663981
"393",393,"ʃ","sc",0,0,0,0,0,0,-Inf,-Inf,-Inf,-Inf,-Inf,-Inf
"394",394,"ʃ","sch",0,0,0,0,0,0,-Inf,-Inf,-Inf,-Inf,-Inf,-Inf
"395",395,"ʃ","sci",0,0,0,0,0,0,-Inf,-Inf,-Inf,-Inf,-Inf,-Inf
"396",396,"ʃ","sh",93,47,3,10,74,227,1.96848294855394,1.67209785793572,0.477121254719662,1,1.86923171973098,2.35602585719312
"397",397,"ʃ","shh",0,0,0,0,0,0,-Inf,-Inf,-Inf,-Inf,-Inf,-Inf
"398",398,"ʃ","shi",0,2,0,0,0,2,-Inf,0.301029995663981,-Inf,-Inf,-Inf,0.301029995663981
"399",399,"ʃ","si",0,2,0,0,0,2,-Inf,0.301029995663981,-Inf,-Inf,-Inf,0.301029995663981
"400",400,"ʃ","ss",0,3,0,0,0,3,-Inf,0.477121254719662,-Inf,-Inf,-Inf,0.477121254719662
"401",401,"ʃ","ssi",0,11,0,0,0,11,-Inf,1.04139268515823,-Inf,-Inf,-Inf,1.04139268515823
"402",402,"ʃ","t",0,4,0,0,0,4,-Inf,0.602059991327962,-Inf,-Inf,-Inf,0.602059991327962
"403",403,"ʃ","ti",0,111,0,0,0,111,-Inf,2.04532297878666,-Inf,-Inf,-Inf,2.04532297878666
"404",404,"ʃ","xi",0,0,0,0,0,0,-Inf,-Inf,-Inf,-Inf,-Inf,-Inf
"405",405,"t","bt",0,1,0,0,1,2,-Inf,0,-Inf,-Inf,0,0.301029995663981
"406",406,"t","ct",0,0,0,0,0,0,-Inf,-Inf,-Inf,-Inf,-Inf,-Inf
"407",407,"t","d",0,0,0,0,0,0,-Inf,-Inf,-Inf,-Inf,-Inf,-Inf
"408",408,"t","dt",0,0,0,0,0,0,-Inf,-Inf,-Inf,-Inf,-Inf,-Inf
"409",409,"t","ed",0,0,0,0,20,20,-Inf,-Inf,-Inf,-Inf,1.30102999566398,1.30102999566398
"410",410,"t","pt",0,0,2,0,1,3,-Inf,-Inf,0.301029995663981,-Inf,0,0.477121254719662
"411",411,"t","t",324,494,316,91,850,2075,2.51054501020661,2.69372694892365,2.4996870826184,1.95904139232109,2.92941892571429,3.31701810104811
"412",412,"t","th",0,0,0,0,0,0,-Inf,-Inf,-Inf,-Inf,-Inf,-Inf
"413",413,"t","tt",0,101,0,1,9,111,-Inf,2.00432137378264,-Inf,0,0.954242509439325,2.04532297878666
"414",414,"t","z",0,0,0,1,0,1,-Inf,-Inf,-Inf,0,-Inf,0
"415",415,"θ","th",58,26,0,19,52,155,1.76342799356294,1.41497334797082,-Inf,1.27875360095283,1.7160033436348,2.19033169817029
"416",416,"θ","tth",0,0,0,0,0,0,-Inf,-Inf,-Inf,-Inf,-Inf,-Inf
"417",417,"ts","z",0,0,0,0,0,0,-Inf,-Inf,-Inf,-Inf,-Inf,-Inf
"418",418,"u","eu",0,0,0,2,0,2,-Inf,-Inf,-Inf,0.301029995663981,-Inf,0.301029995663981
"419",419,"u","eu_e",0,0,0,0,0,0,-Inf,-Inf,-Inf,-Inf,-Inf,-Inf
"420",420,"u","ew",0,0,5,5,18,28,-Inf,-Inf,0.698970004336019,0.698970004336019,1.25527250510331,1.44715803134222
"421",421,"u","ewe",0,0,2,0,0,2,-Inf,-Inf,0.301029995663981,-Inf,-Inf,0.301029995663981
"422",422,"u","ieu",0,0,0,1,0,1,-Inf,-Inf,-Inf,0,-Inf,0
"423",423,"u","ioux",0,0,0,0,0,0,-Inf,-Inf,-Inf,-Inf,-Inf,-Inf
"424",424,"u","o",0,0,3,7,6,16,-Inf,-Inf,0.477121254719662,0.845098040014257,0.778151250383644,1.20411998265592
"425",425,"u","o_e",0,0,8,0,0,8,-Inf,-Inf,0.903089986991944,-Inf,-Inf,0.903089986991944
"426",426,"u","oe",0,0,0,3,3,6,-Inf,-Inf,-Inf,0.477121254719662,0.477121254719662,0.778151250383644
"427",427,"u","oo",1,0,96,29,13,139,0,-Inf,1.98227123303957,1.46239799789896,1.11394335230684,2.1430148002541
"428",428,"u","oo_e",1,0,9,0,0,10,0,-Inf,0.954242509439325,-Inf,-Inf,1
"429",429,"u","ooh",0,0,0,0,0,0,-Inf,-Inf,-Inf,-Inf,-Inf,-Inf
"430",430,"u","ou",0,0,5,8,1,14,-Inf,-Inf,0.698970004336019,0.903089986991944,0,1.14612803567824
"431",431,"u","ou_e",0,0,1,0,0,1,-Inf,-Inf,0,-Inf,-Inf,0
"432",432,"u","ough",0,0,0,0,1,1,-Inf,-Inf,-Inf,-Inf,0,0
"433",433,"u","oup",0,0,0,0,0,0,-Inf,-Inf,-Inf,-Inf,-Inf,-Inf
"434",434,"u","ous",0,0,0,0,0,0,-Inf,-Inf,-Inf,-Inf,-Inf,-Inf
"435",435,"u","u",0,0,4,48,3,55,-Inf,-Inf,0.602059991327962,1.68124123737559,0.477121254719662,1.74036268949424
"436",436,"u","u_e",0,0,31,0,0,31,-Inf,-Inf,1.49136169383427,-Inf,-Inf,1.49136169383427
"437",437,"u","ua",0,0,1,0,0,1,-Inf,-Inf,0,-Inf,-Inf,0
"438",438,"u","ue",0,0,3,2,8,13,-Inf,-Inf,0.477121254719662,0.301029995663981,0.903089986991944,1.11394335230684
"439",439,"u","ui",0,0,5,3,0,8,-Inf,-Inf,0.698970004336019,0.477121254719662,-Inf,0.903089986991944
"440",440,"u","ui_e",0,0,3,0,0,3,-Inf,-Inf,0.477121254719662,-Inf,-Inf,0.477121254719662
"441",441,"u","wo",0,0,0,0,1,1,-Inf,-Inf,-Inf,-Inf,0,0
"442",442,"ʊ","eu",0,0,0,0,0,0,-Inf,-Inf,-Inf,-Inf,-Inf,-Inf
"443",443,"ʊ","o",0,0,3,1,0,4,-Inf,-Inf,0.477121254719662,0,-Inf,0.602059991327962
"444",444,"ʊ","oo",0,0,49,11,0,60,-Inf,-Inf,1.69019608002851,1.04139268515823,-Inf,1.77815125038364
"445",445,"ʊ","ou",0,0,5,2,0,7,-Inf,-Inf,0.698970004336019,0.301029995663981,-Inf,0.845098040014257
"446",446,"ʊ","ow",0,0,0,0,1,1,-Inf,-Inf,-Inf,-Inf,0,0
"447",447,"ʊ","u",0,0,25,14,0,39,-Inf,-Inf,1.39794000867204,1.14612803567824,-Inf,1.5910646070265
"448",448,"ʊ","u_e",0,0,2,0,0,2,-Inf,-Inf,0.301029995663981,-Inf,-Inf,0.301029995663981
"449",449,"ʊ","uo",0,0,0,0,0,0,-Inf,-Inf,-Inf,-Inf,-Inf,-Inf
"450",450,"v","f",0,0,0,0,1,1,-Inf,-Inf,-Inf,-Inf,0,0
"451",451,"v","lv",0,0,0,0,1,1,-Inf,-Inf,-Inf,-Inf,0,0
"452",452,"v","ph",0,0,0,0,0,0,-Inf,-Inf,-Inf,-Inf,-Inf,-Inf
"453",453,"v","v",77,196,16,21,97,407,1.88649072517248,2.29225607135648,1.20411998265592,1.32221929473392,1.98677173426624,2.60959440922522
"454",454,"v","vv",0,0,0,0,0,0,-Inf,-Inf,-Inf,-Inf,-Inf,-Inf
"455",455,"w","ju",0,0,0,0,0,0,-Inf,-Inf,-Inf,-Inf,-Inf,-Inf
"456",456,"w","o",3,4,1,0,0,8,0.477121254719662,0.602059991327962,0,-Inf,-Inf,0.903089986991944
"457",457,"w","ou",0,0,0,0,0,0,-Inf,-Inf,-Inf,-Inf,-Inf,-Inf
"458",458,"w","u",0,3,60,0,0,63,-Inf,0.477121254719662,1.77815125038364,-Inf,-Inf,1.79934054945358
"459",459,"w","w",191,49,60,0,0,300,2.28103336724773,1.69019608002851,1.77815125038364,-Inf,-Inf,2.47712125471966
"460",460,"w","wh",35,6,1,0,0,42,1.54406804435028,0.778151250383644,0,-Inf,-Inf,1.6232492903979
"461",461,"z","cs",0,0,0,0,0,0,-Inf,-Inf,-Inf,-Inf,-Inf,-Inf
"462",462,"z","cz",0,0,0,0,0,0,-Inf,-Inf,-Inf,-Inf,-Inf,-Inf
"463",463,"z","ds",0,0,0,0,0,0,-Inf,-Inf,-Inf,-Inf,-Inf,-Inf
"464",464,"z","es",0,0,0,2,20,22,-Inf,-Inf,-Inf,0.301029995663981,1.30102999566398,1.34242268082221
"465",465,"z","s",0,83,4,12,190,289,-Inf,1.91907809237607,0.602059991327962,1.07918124604762,2.27875360095283,2.46089784275655
"466",466,"z","si",0,0,0,2,0,2,-Inf,-Inf,-Inf,0.301029995663981,-Inf,0.301029995663981
"467",467,"z","ss",0,3,0,0,0,3,-Inf,0.477121254719662,-Inf,-Inf,-Inf,0.477121254719662
"468",468,"z","ts",0,0,0,0,0,0,-Inf,-Inf,-Inf,-Inf,-Inf,-Inf
"469",469,"z","tz",0,0,0,0,0,0,-Inf,-Inf,-Inf,-Inf,-Inf,-Inf
"470",470,"z","x",0,1,0,0,0,1,-Inf,0,-Inf,-Inf,-Inf,0
"471",471,"z","z",12,26,0,0,37,75,1.07918124604762,1.41497334797082,-Inf,-Inf,1.568201724067,1.8750612633917
"472",472,"z","zz",0,10,0,1,4,15,-Inf,1,-Inf,0,0.602059991327962,1.17609125905568
"473",473,"ʒ","g",0,0,0,0,2,2,-Inf,-Inf,-Inf,-Inf,0.301029995663981,0.301029995663981
"474",474,"ʒ","j",0,0,0,0,0,0,-Inf,-Inf,-Inf,-Inf,-Inf,-Inf
"475",475,"ʒ","s",0,9,0,2,0,11,-Inf,0.954242509439325,-Inf,0.301029995663981,-Inf,1.04139268515823
"476",476,"ʒ","si",0,7,0,0,0,7,-Inf,0.845098040014257,-Inf,-Inf,-Inf,0.845098040014257
"477",477,"ʒ","ti",0,0,0,0,0,0,-Inf,-Inf,-Inf,-Inf,-Inf,-Inf
"478",478,"ʒ","z",0,0,0,0,0,0,-Inf,-Inf,-Inf,-Inf,-Inf,-Inf
