"","X.1","X","phoneme","grapheme","rank","wi","si","sm","sf","wf","total","wi_freq","si_freq","sm_freq","sf_freq","wf_freq","freq"
"1",9,9,"ʌ","_e",1,0,0,2,0,0,2,-Inf,-Inf,0.301029995663981,-Inf,-Inf,0.301029995663981
"2",46,46,"ɚ","_e",2,0,0,0,0,0,0,-Inf,-Inf,-Inf,-Inf,-Inf,-Inf
"3",164,164,"ə","_e",2,0,0,0,0,0,0,-Inf,-Inf,-Inf,-Inf,-Inf,-Inf
"4",1,1,"æ","a",1,2,0,6,2,0,10,0.301029995663981,-Inf,0.778151250383644,0.301029995663981,-Inf,1
"5",108,108,"ɑ","a",2,0,0,1,2,2,5,-Inf,-Inf,0,0.301029995663981,0.301029995663981,0.698970004336019
"6",165,165,"ə","a",3,1,0,0,0,1,2,0,-Inf,-Inf,-Inf,0,0.301029995663981
"7",88,88,"eɪ","a",4,1,0,0,0,0,1,0,-Inf,-Inf,-Inf,-Inf,0
"8",10,10,"ʌ","a",5,0,0,0,0,0,0,-Inf,-Inf,-Inf,-Inf,-Inf,-Inf
"9",20,20,"ɪ","a",5,0,0,0,0,0,0,-Inf,-Inf,-Inf,-Inf,-Inf,-Inf
"10",47,47,"ɚ","a",5,0,0,0,0,0,0,-Inf,-Inf,-Inf,-Inf,-Inf,-Inf
"11",67,67,"aɪ","a",5,0,0,0,0,0,0,-Inf,-Inf,-Inf,-Inf,-Inf,-Inf
"12",131,131,"ɔ","a",5,0,0,0,0,0,0,-Inf,-Inf,-Inf,-Inf,-Inf,-Inf
"13",199,199,"ɛ","a",5,0,0,0,0,0,0,-Inf,-Inf,-Inf,-Inf,-Inf,-Inf
"14",241,241,"i","a",5,0,0,0,0,0,0,-Inf,-Inf,-Inf,-Inf,-Inf,-Inf
"15",89,89,"eɪ","a_e",1,1,0,0,0,0,1,0,-Inf,-Inf,-Inf,-Inf,0
"16",2,2,"æ","a_e",2,0,0,0,0,0,0,-Inf,-Inf,-Inf,-Inf,-Inf,-Inf
"17",21,21,"ɪ","a_e",2,0,0,0,0,0,0,-Inf,-Inf,-Inf,-Inf,-Inf,-Inf
"18",48,48,"ɚ","a_e",2,0,0,0,0,0,0,-Inf,-Inf,-Inf,-Inf,-Inf,-Inf
"19",109,109,"ɑ","a_e",2,0,0,0,0,0,0,-Inf,-Inf,-Inf,-Inf,-Inf,-Inf
"20",132,132,"ɔ","a_e",2,0,0,0,0,0,0,-Inf,-Inf,-Inf,-Inf,-Inf,-Inf
"21",166,166,"ə","a_e",2,0,0,0,0,0,0,-Inf,-Inf,-Inf,-Inf,-Inf,-Inf
"22",200,200,"ɛ","a_e",2,0,0,0,0,0,0,-Inf,-Inf,-Inf,-Inf,-Inf,-Inf
"23",110,110,"ɑ","aa",1,0,0,0,0,0,0,-Inf,-Inf,-Inf,-Inf,-Inf,-Inf
"24",201,201,"ɛ","aa",1,0,0,0,0,0,0,-Inf,-Inf,-Inf,-Inf,-Inf,-Inf
"25",111,111,"ɑ","aah",1,0,0,0,0,0,0,-Inf,-Inf,-Inf,-Inf,-Inf,-Inf
"26",112,112,"ɑ","ach",1,0,0,0,0,0,0,-Inf,-Inf,-Inf,-Inf,-Inf,-Inf
"27",68,68,"aɪ","ae",1,0,0,0,0,0,0,-Inf,-Inf,-Inf,-Inf,-Inf,-Inf
"28",90,90,"eɪ","ae",1,0,0,0,0,0,0,-Inf,-Inf,-Inf,-Inf,-Inf,-Inf
"29",167,167,"ə","ae",1,0,0,0,0,0,0,-Inf,-Inf,-Inf,-Inf,-Inf,-Inf
"30",202,202,"ɛ","ae",1,0,0,0,0,0,0,-Inf,-Inf,-Inf,-Inf,-Inf,-Inf
"31",242,242,"i","ae",1,0,0,0,0,0,0,-Inf,-Inf,-Inf,-Inf,-Inf,-Inf
"32",113,113,"ɑ","ah",1,0,0,0,0,0,0,-Inf,-Inf,-Inf,-Inf,-Inf,-Inf
"33",168,168,"ə","ah",1,0,0,0,0,0,0,-Inf,-Inf,-Inf,-Inf,-Inf,-Inf
"34",203,203,"ɛ","ah",1,0,0,0,0,0,0,-Inf,-Inf,-Inf,-Inf,-Inf,-Inf
"35",3,3,"æ","aha",1,0,0,0,0,0,0,-Inf,-Inf,-Inf,-Inf,-Inf,-Inf
"36",4,4,"æ","ai",1,0,0,0,0,0,0,-Inf,-Inf,-Inf,-Inf,-Inf,-Inf
"37",69,69,"aɪ","ai",1,0,0,0,0,0,0,-Inf,-Inf,-Inf,-Inf,-Inf,-Inf
"38",91,91,"eɪ","ai",1,0,0,0,0,0,0,-Inf,-Inf,-Inf,-Inf,-Inf,-Inf
"39",169,169,"ə","ai",1,0,0,0,0,0,0,-Inf,-Inf,-Inf,-Inf,-Inf,-Inf
"40",204,204,"ɛ","ai",1,0,0,0,0,0,0,-Inf,-Inf,-Inf,-Inf,-Inf,-Inf
"41",70,70,"aɪ","ai_e",1,0,0,0,0,0,0,-Inf,-Inf,-Inf,-Inf,-Inf,-Inf
"42",92,92,"eɪ","ai_e",1,0,0,0,0,0,0,-Inf,-Inf,-Inf,-Inf,-Inf,-Inf
"43",205,205,"ɛ","ai_e",1,0,0,0,0,0,0,-Inf,-Inf,-Inf,-Inf,-Inf,-Inf
"44",93,93,"eɪ","aigh",1,0,0,0,0,0,0,-Inf,-Inf,-Inf,-Inf,-Inf,-Inf
"45",133,133,"ɔ","ao",1,0,0,0,0,0,0,-Inf,-Inf,-Inf,-Inf,-Inf,-Inf
"46",350,350,"aʊ","ao",1,0,0,0,0,0,0,-Inf,-Inf,-Inf,-Inf,-Inf,-Inf
"47",328,328,"oʊ","aoh",1,0,0,0,0,0,0,-Inf,-Inf,-Inf,-Inf,-Inf,-Inf
"48",5,5,"æ","au",1,0,0,0,0,0,0,-Inf,-Inf,-Inf,-Inf,-Inf,-Inf
"49",49,49,"ɚ","au",1,0,0,0,0,0,0,-Inf,-Inf,-Inf,-Inf,-Inf,-Inf
"50",114,114,"ɑ","au",1,0,0,0,0,0,0,-Inf,-Inf,-Inf,-Inf,-Inf,-Inf
"51",134,134,"ɔ","au",1,0,0,0,0,0,0,-Inf,-Inf,-Inf,-Inf,-Inf,-Inf
"52",170,170,"ə","au",1,0,0,0,0,0,0,-Inf,-Inf,-Inf,-Inf,-Inf,-Inf
"53",329,329,"oʊ","au",1,0,0,0,0,0,0,-Inf,-Inf,-Inf,-Inf,-Inf,-Inf
"54",351,351,"aʊ","au",1,0,0,0,0,0,0,-Inf,-Inf,-Inf,-Inf,-Inf,-Inf
"55",11,11,"ʌ","au_e",1,0,0,0,0,0,0,-Inf,-Inf,-Inf,-Inf,-Inf,-Inf
"56",94,94,"eɪ","au_e",1,0,0,0,0,0,0,-Inf,-Inf,-Inf,-Inf,-Inf,-Inf
"57",115,115,"ɑ","au_e",1,0,0,0,0,0,0,-Inf,-Inf,-Inf,-Inf,-Inf,-Inf
"58",135,135,"ɔ","au_e",1,0,0,0,0,0,0,-Inf,-Inf,-Inf,-Inf,-Inf,-Inf
"59",171,171,"ə","au_e",1,0,0,0,0,0,0,-Inf,-Inf,-Inf,-Inf,-Inf,-Inf
"60",330,330,"oʊ","au_e",1,0,0,0,0,0,0,-Inf,-Inf,-Inf,-Inf,-Inf,-Inf
"61",136,136,"ɔ","augh",1,0,0,0,0,0,0,-Inf,-Inf,-Inf,-Inf,-Inf,-Inf
"62",331,331,"oʊ","aux",1,0,0,0,0,0,0,-Inf,-Inf,-Inf,-Inf,-Inf,-Inf
"63",116,116,"ɑ","aw",1,0,0,0,0,0,0,-Inf,-Inf,-Inf,-Inf,-Inf,-Inf
"64",137,137,"ɔ","aw",1,0,0,0,0,0,0,-Inf,-Inf,-Inf,-Inf,-Inf,-Inf
"65",138,138,"ɔ","awe",1,0,0,0,0,0,0,-Inf,-Inf,-Inf,-Inf,-Inf,-Inf
"66",39,39,"ɔɪ","awy",1,0,0,0,0,0,0,-Inf,-Inf,-Inf,-Inf,-Inf,-Inf
"67",95,95,"eɪ","ay",1,0,0,0,0,1,1,-Inf,-Inf,-Inf,-Inf,0,0
"68",71,71,"aɪ","ay",2,0,0,0,0,0,0,-Inf,-Inf,-Inf,-Inf,-Inf,-Inf
"69",206,206,"ɛ","ay",2,0,0,0,0,0,0,-Inf,-Inf,-Inf,-Inf,-Inf,-Inf
"70",243,243,"i","ay",2,0,0,0,0,0,0,-Inf,-Inf,-Inf,-Inf,-Inf,-Inf
"71",96,96,"eɪ","ay_e",1,0,0,0,0,0,0,-Inf,-Inf,-Inf,-Inf,-Inf,-Inf
"72",72,72,"aɪ","aye",1,0,0,0,0,0,0,-Inf,-Inf,-Inf,-Inf,-Inf,-Inf
"73",97,97,"eɪ","aye",1,0,0,0,0,0,0,-Inf,-Inf,-Inf,-Inf,-Inf,-Inf
"74",207,207,"ɛ","aye",1,0,0,0,0,0,0,-Inf,-Inf,-Inf,-Inf,-Inf,-Inf
"75",127,127,"b","b",1,9,0,0,0,0,9,0.954242509439325,-Inf,-Inf,-Inf,-Inf,0.954242509439325
"76",128,128,"b","bb",1,0,0,0,0,0,0,-Inf,-Inf,-Inf,-Inf,-Inf,-Inf
"77",361,361,"p","bp",1,0,0,0,0,0,0,-Inf,-Inf,-Inf,-Inf,-Inf,-Inf
"78",129,129,"b","br",1,0,0,0,0,0,0,-Inf,-Inf,-Inf,-Inf,-Inf,-Inf
"79",405,405,"t","bt",1,0,0,0,0,0,0,-Inf,-Inf,-Inf,-Inf,-Inf,-Inf
"80",288,288,"k","c",1,1,0,0,0,0,1,0,-Inf,-Inf,-Inf,-Inf,0
"81",151,151,"tʃ","c",2,0,0,0,0,0,0,-Inf,-Inf,-Inf,-Inf,-Inf,-Inf
"82",377,377,"s","c",2,0,0,0,0,0,0,-Inf,-Inf,-Inf,-Inf,-Inf,-Inf
"83",388,388,"ʃ","c",2,0,0,0,0,0,0,-Inf,-Inf,-Inf,-Inf,-Inf,-Inf
"84",152,152,"tʃ","cc",1,0,0,0,0,0,0,-Inf,-Inf,-Inf,-Inf,-Inf,-Inf
"85",289,289,"k","cc",1,0,0,0,0,0,0,-Inf,-Inf,-Inf,-Inf,-Inf,-Inf
"86",290,290,"k","cch",1,0,0,0,0,0,0,-Inf,-Inf,-Inf,-Inf,-Inf,-Inf
"87",153,153,"tʃ","ch",1,0,0,0,0,1,1,-Inf,-Inf,-Inf,-Inf,0,0
"88",291,291,"k","ch",2,0,0,0,0,0,0,-Inf,-Inf,-Inf,-Inf,-Inf,-Inf
"89",389,389,"ʃ","ch",2,0,0,0,0,0,0,-Inf,-Inf,-Inf,-Inf,-Inf,-Inf
"90",390,390,"ʃ","chs",1,0,0,0,0,0,0,-Inf,-Inf,-Inf,-Inf,-Inf,-Inf
"91",154,154,"tʃ","ci",1,0,0,0,0,0,0,-Inf,-Inf,-Inf,-Inf,-Inf,-Inf
"92",391,391,"ʃ","ci",1,0,0,0,0,0,0,-Inf,-Inf,-Inf,-Inf,-Inf,-Inf
"93",292,292,"k","ck",1,0,0,0,0,1,1,-Inf,-Inf,-Inf,-Inf,0,0
"94",293,293,"k","cq",1,0,0,0,0,0,0,-Inf,-Inf,-Inf,-Inf,-Inf,-Inf
"95",461,461,"z","cs",1,0,0,0,0,0,0,-Inf,-Inf,-Inf,-Inf,-Inf,-Inf
"96",406,406,"t","ct",1,0,0,0,0,0,0,-Inf,-Inf,-Inf,-Inf,-Inf,-Inf
"97",462,462,"z","cz",1,0,0,0,0,0,0,-Inf,-Inf,-Inf,-Inf,-Inf,-Inf
"98",158,158,"d","d",1,2,1,0,1,6,10,0.301029995663981,0,-Inf,0,0.778151250383644,1
"99",229,229,"dʒ","d",2,0,0,0,0,0,0,-Inf,-Inf,-Inf,-Inf,-Inf,-Inf
"100",407,407,"t","d",2,0,0,0,0,0,0,-Inf,-Inf,-Inf,-Inf,-Inf,-Inf
"101",159,159,"d","dd",1,0,1,0,0,0,1,-Inf,0,-Inf,-Inf,-Inf,0
"102",160,160,"d","ddh",1,0,0,0,0,0,0,-Inf,-Inf,-Inf,-Inf,-Inf,-Inf
"103",230,230,"dʒ","dg",1,0,0,0,0,0,0,-Inf,-Inf,-Inf,-Inf,-Inf,-Inf
"104",231,231,"dʒ","di",1,0,0,0,0,0,0,-Inf,-Inf,-Inf,-Inf,-Inf,-Inf
"105",232,232,"dʒ","dj",1,0,0,0,0,0,0,-Inf,-Inf,-Inf,-Inf,-Inf,-Inf
"106",314,314,"n","dn",1,0,0,0,0,0,0,-Inf,-Inf,-Inf,-Inf,-Inf,-Inf
"107",463,463,"z","ds",1,0,0,0,0,0,0,-Inf,-Inf,-Inf,-Inf,-Inf,-Inf
"108",408,408,"t","dt",1,0,0,0,0,0,0,-Inf,-Inf,-Inf,-Inf,-Inf,-Inf
"109",208,208,"ɛ","e",1,0,0,5,1,0,6,-Inf,-Inf,0.698970004336019,0,-Inf,0.778151250383644
"110",50,50,"ɚ","e",2,0,0,3,0,0,3,-Inf,-Inf,0.477121254719662,-Inf,-Inf,0.477121254719662
"111",172,172,"ə","e",3,0,0,1,0,0,1,-Inf,-Inf,0,-Inf,-Inf,0
"112",244,244,"i","e",3,0,0,0,0,1,1,-Inf,-Inf,-Inf,-Inf,0,0
"113",22,22,"ɪ","e",4,0,0,0,0,0,0,-Inf,-Inf,-Inf,-Inf,-Inf,-Inf
"114",98,98,"eɪ","e",4,0,0,0,0,0,0,-Inf,-Inf,-Inf,-Inf,-Inf,-Inf
"115",117,117,"ɑ","e",4,0,0,0,0,0,0,-Inf,-Inf,-Inf,-Inf,-Inf,-Inf
"116",23,23,"ɪ","e_e",1,0,0,0,0,0,0,-Inf,-Inf,-Inf,-Inf,-Inf,-Inf
"117",51,51,"ɚ","e_e",1,0,0,0,0,0,0,-Inf,-Inf,-Inf,-Inf,-Inf,-Inf
"118",99,99,"eɪ","e_e",1,0,0,0,0,0,0,-Inf,-Inf,-Inf,-Inf,-Inf,-Inf
"119",173,173,"ə","e_e",1,0,0,0,0,0,0,-Inf,-Inf,-Inf,-Inf,-Inf,-Inf
"120",209,209,"ɛ","e_e",1,0,0,0,0,0,0,-Inf,-Inf,-Inf,-Inf,-Inf,-Inf
"121",245,245,"i","e_e",1,0,0,0,0,0,0,-Inf,-Inf,-Inf,-Inf,-Inf,-Inf
"122",246,246,"i","ea",1,4,0,0,0,0,4,0.602059991327962,-Inf,-Inf,-Inf,-Inf,0.602059991327962
"123",6,6,"æ","ea",2,0,0,0,0,0,0,-Inf,-Inf,-Inf,-Inf,-Inf,-Inf
"124",24,24,"ɪ","ea",2,0,0,0,0,0,0,-Inf,-Inf,-Inf,-Inf,-Inf,-Inf
"125",52,52,"ɚ","ea",2,0,0,0,0,0,0,-Inf,-Inf,-Inf,-Inf,-Inf,-Inf
"126",100,100,"eɪ","ea",2,0,0,0,0,0,0,-Inf,-Inf,-Inf,-Inf,-Inf,-Inf
"127",118,118,"ɑ","ea",2,0,0,0,0,0,0,-Inf,-Inf,-Inf,-Inf,-Inf,-Inf
"128",174,174,"ə","ea",2,0,0,0,0,0,0,-Inf,-Inf,-Inf,-Inf,-Inf,-Inf
"129",210,210,"ɛ","ea",2,0,0,0,0,0,0,-Inf,-Inf,-Inf,-Inf,-Inf,-Inf
"130",53,53,"ɚ","ea_e",1,0,0,0,0,0,0,-Inf,-Inf,-Inf,-Inf,-Inf,-Inf
"131",175,175,"ə","ea_e",1,0,0,0,0,0,0,-Inf,-Inf,-Inf,-Inf,-Inf,-Inf
"132",211,211,"ɛ","ea_e",1,0,0,0,0,0,0,-Inf,-Inf,-Inf,-Inf,-Inf,-Inf
"133",247,247,"i","ea_e",1,0,0,0,0,0,0,-Inf,-Inf,-Inf,-Inf,-Inf,-Inf
"134",7,7,"æ","eah",1,0,0,0,0,0,0,-Inf,-Inf,-Inf,-Inf,-Inf,-Inf
"135",270,270,"ju","eau",1,0,0,0,0,0,0,-Inf,-Inf,-Inf,-Inf,-Inf,-Inf
"136",332,332,"oʊ","eau",1,0,0,0,0,0,0,-Inf,-Inf,-Inf,-Inf,-Inf,-Inf
"137",333,333,"oʊ","eaux",1,0,0,0,0,0,0,-Inf,-Inf,-Inf,-Inf,-Inf,-Inf
"138",161,161,"d","ed",1,0,0,0,0,0,0,-Inf,-Inf,-Inf,-Inf,-Inf,-Inf
"139",409,409,"t","ed",1,0,0,0,0,0,0,-Inf,-Inf,-Inf,-Inf,-Inf,-Inf
"140",248,248,"i","ee",1,0,0,1,0,1,2,-Inf,-Inf,0,-Inf,0,0.301029995663981
"141",25,25,"ɪ","ee",2,0,0,0,0,0,0,-Inf,-Inf,-Inf,-Inf,-Inf,-Inf
"142",101,101,"eɪ","ee",2,0,0,0,0,0,0,-Inf,-Inf,-Inf,-Inf,-Inf,-Inf
"143",249,249,"i","ee_e",1,0,0,0,0,0,0,-Inf,-Inf,-Inf,-Inf,-Inf,-Inf
"144",212,212,"ɛ","eh",1,0,0,0,0,0,0,-Inf,-Inf,-Inf,-Inf,-Inf,-Inf
"145",26,26,"ɪ","ei",1,0,0,0,0,0,0,-Inf,-Inf,-Inf,-Inf,-Inf,-Inf
"146",73,73,"aɪ","ei",1,0,0,0,0,0,0,-Inf,-Inf,-Inf,-Inf,-Inf,-Inf
"147",102,102,"eɪ","ei",1,0,0,0,0,0,0,-Inf,-Inf,-Inf,-Inf,-Inf,-Inf
"148",176,176,"ə","ei",1,0,0,0,0,0,0,-Inf,-Inf,-Inf,-Inf,-Inf,-Inf
"149",213,213,"ɛ","ei",1,0,0,0,0,0,0,-Inf,-Inf,-Inf,-Inf,-Inf,-Inf
"150",250,250,"i","ei",1,0,0,0,0,0,0,-Inf,-Inf,-Inf,-Inf,-Inf,-Inf
"151",103,103,"eɪ","ei_e",1,0,0,0,0,0,0,-Inf,-Inf,-Inf,-Inf,-Inf,-Inf
"152",251,251,"i","ei_e",1,0,0,0,0,0,0,-Inf,-Inf,-Inf,-Inf,-Inf,-Inf
"153",74,74,"aɪ","eigh",1,0,0,0,0,0,0,-Inf,-Inf,-Inf,-Inf,-Inf,-Inf
"154",104,104,"eɪ","eigh",1,0,0,0,0,0,0,-Inf,-Inf,-Inf,-Inf,-Inf,-Inf
"155",27,27,"ɪ","eo",1,0,0,0,0,0,0,-Inf,-Inf,-Inf,-Inf,-Inf,-Inf
"156",139,139,"ɔ","eo",1,0,0,0,0,0,0,-Inf,-Inf,-Inf,-Inf,-Inf,-Inf
"157",177,177,"ə","eo",1,0,0,0,0,0,0,-Inf,-Inf,-Inf,-Inf,-Inf,-Inf
"158",214,214,"ɛ","eo",1,0,0,0,0,0,0,-Inf,-Inf,-Inf,-Inf,-Inf,-Inf
"159",252,252,"i","eo",1,0,0,0,0,0,0,-Inf,-Inf,-Inf,-Inf,-Inf,-Inf
"160",140,140,"ɔ","eo_e",1,0,0,0,0,0,0,-Inf,-Inf,-Inf,-Inf,-Inf,-Inf
"161",178,178,"ə","eou",1,0,0,0,0,0,0,-Inf,-Inf,-Inf,-Inf,-Inf,-Inf
"162",334,334,"oʊ","eou",1,0,0,0,0,0,0,-Inf,-Inf,-Inf,-Inf,-Inf,-Inf
"163",378,378,"s","es",1,0,0,0,0,0,0,-Inf,-Inf,-Inf,-Inf,-Inf,-Inf
"164",464,464,"z","es",1,0,0,0,0,0,0,-Inf,-Inf,-Inf,-Inf,-Inf,-Inf
"165",105,105,"eɪ","et",1,0,0,0,0,0,0,-Inf,-Inf,-Inf,-Inf,-Inf,-Inf
"166",40,40,"ɔɪ","eu",1,0,0,0,0,0,0,-Inf,-Inf,-Inf,-Inf,-Inf,-Inf
"167",54,54,"ɚ","eu",1,0,0,0,0,0,0,-Inf,-Inf,-Inf,-Inf,-Inf,-Inf
"168",271,271,"ju","eu",1,0,0,0,0,0,0,-Inf,-Inf,-Inf,-Inf,-Inf,-Inf
"169",285,285,"jʊ","eu",1,0,0,0,0,0,0,-Inf,-Inf,-Inf,-Inf,-Inf,-Inf
"170",418,418,"u","eu",1,0,0,0,0,0,0,-Inf,-Inf,-Inf,-Inf,-Inf,-Inf
"171",442,442,"ʊ","eu",1,0,0,0,0,0,0,-Inf,-Inf,-Inf,-Inf,-Inf,-Inf
"172",419,419,"u","eu_e",1,0,0,0,0,0,0,-Inf,-Inf,-Inf,-Inf,-Inf,-Inf
"173",272,272,"ju","eue",1,0,0,0,0,0,0,-Inf,-Inf,-Inf,-Inf,-Inf,-Inf
"174",273,273,"ju","ew",1,0,0,0,0,0,0,-Inf,-Inf,-Inf,-Inf,-Inf,-Inf
"175",335,335,"oʊ","ew",1,0,0,0,0,0,0,-Inf,-Inf,-Inf,-Inf,-Inf,-Inf
"176",420,420,"u","ew",1,0,0,0,0,0,0,-Inf,-Inf,-Inf,-Inf,-Inf,-Inf
"177",274,274,"ju","ewe",1,0,0,0,0,0,0,-Inf,-Inf,-Inf,-Inf,-Inf,-Inf
"178",421,421,"u","ewe",1,0,0,0,0,0,0,-Inf,-Inf,-Inf,-Inf,-Inf,-Inf
"179",75,75,"aɪ","ey",1,0,0,0,0,0,0,-Inf,-Inf,-Inf,-Inf,-Inf,-Inf
"180",106,106,"eɪ","ey",1,0,0,0,0,0,0,-Inf,-Inf,-Inf,-Inf,-Inf,-Inf
"181",253,253,"i","ey",1,0,0,0,0,0,0,-Inf,-Inf,-Inf,-Inf,-Inf,-Inf
"182",76,76,"aɪ","eye",1,0,0,0,0,0,0,-Inf,-Inf,-Inf,-Inf,-Inf,-Inf
"183",107,107,"eɪ","ez",1,0,0,0,0,0,0,-Inf,-Inf,-Inf,-Inf,-Inf,-Inf
"184",218,218,"f","f",1,3,0,0,0,0,3,0.477121254719662,-Inf,-Inf,-Inf,-Inf,0.477121254719662
"185",450,450,"v","f",2,0,0,0,0,0,0,-Inf,-Inf,-Inf,-Inf,-Inf,-Inf
"186",219,219,"f","ff",1,0,0,0,0,0,0,-Inf,-Inf,-Inf,-Inf,-Inf,-Inf
"187",220,220,"f","ft",1,0,0,0,0,0,0,-Inf,-Inf,-Inf,-Inf,-Inf,-Inf
"188",225,225,"g","g",1,1,0,1,0,2,4,0,-Inf,0,-Inf,0.301029995663981,0.602059991327962
"189",233,233,"dʒ","g",2,0,0,0,0,0,0,-Inf,-Inf,-Inf,-Inf,-Inf,-Inf
"190",473,473,"ʒ","g",2,0,0,0,0,0,0,-Inf,-Inf,-Inf,-Inf,-Inf,-Inf
"191",226,226,"g","gg",1,0,1,0,0,0,1,-Inf,0,-Inf,-Inf,-Inf,0
"192",234,234,"dʒ","gg",2,0,0,0,0,0,0,-Inf,-Inf,-Inf,-Inf,-Inf,-Inf
"193",221,221,"f","gh",1,0,0,0,0,0,0,-Inf,-Inf,-Inf,-Inf,-Inf,-Inf
"194",227,227,"g","gh",1,0,0,0,0,0,0,-Inf,-Inf,-Inf,-Inf,-Inf,-Inf
"195",362,362,"p","gh",1,0,0,0,0,0,0,-Inf,-Inf,-Inf,-Inf,-Inf,-Inf
"196",235,235,"dʒ","gi",1,0,0,0,0,0,0,-Inf,-Inf,-Inf,-Inf,-Inf,-Inf
"197",307,307,"m","gm",1,0,0,0,0,0,0,-Inf,-Inf,-Inf,-Inf,-Inf,-Inf
"198",315,315,"n","gn",1,0,0,0,0,0,0,-Inf,-Inf,-Inf,-Inf,-Inf,-Inf
"199",326,326,"nj","gn",1,0,0,0,0,0,0,-Inf,-Inf,-Inf,-Inf,-Inf,-Inf
"200",228,228,"g","gu",1,0,0,0,0,0,0,-Inf,-Inf,-Inf,-Inf,-Inf,-Inf
"201",238,238,"h","h",1,2,0,0,0,0,2,0.301029995663981,-Inf,-Inf,-Inf,-Inf,0.301029995663981
"202",179,179,"ə","ha",1,0,0,0,0,0,0,-Inf,-Inf,-Inf,-Inf,-Inf,-Inf
"203",141,141,"ɔ","hau",1,0,0,0,0,0,0,-Inf,-Inf,-Inf,-Inf,-Inf,-Inf
"204",55,55,"ɚ","he",1,0,0,0,0,0,0,-Inf,-Inf,-Inf,-Inf,-Inf,-Inf
"205",180,180,"ə","he",1,0,0,0,0,0,0,-Inf,-Inf,-Inf,-Inf,-Inf,-Inf
"206",215,215,"ɛ","hei",1,0,0,0,0,0,0,-Inf,-Inf,-Inf,-Inf,-Inf,-Inf
"207",28,28,"ɪ","hi",1,0,0,0,0,0,0,-Inf,-Inf,-Inf,-Inf,-Inf,-Inf
"208",181,181,"ə","hi",1,0,0,0,0,0,0,-Inf,-Inf,-Inf,-Inf,-Inf,-Inf
"209",119,119,"ɑ","ho",1,0,0,0,0,0,0,-Inf,-Inf,-Inf,-Inf,-Inf,-Inf
"210",182,182,"ə","ho",1,0,0,0,0,0,0,-Inf,-Inf,-Inf,-Inf,-Inf,-Inf
"211",352,352,"aʊ","ho",1,0,0,0,0,0,0,-Inf,-Inf,-Inf,-Inf,-Inf,-Inf
"212",353,353,"aʊ","hou",1,0,0,0,0,0,0,-Inf,-Inf,-Inf,-Inf,-Inf,-Inf
"213",275,275,"ju","hu",1,0,0,0,0,0,0,-Inf,-Inf,-Inf,-Inf,-Inf,-Inf
"214",29,29,"ɪ","i",1,0,0,2,2,0,4,-Inf,-Inf,0.301029995663981,0.301029995663981,-Inf,0.602059991327962
"215",56,56,"ɚ","i",2,0,0,1,0,0,1,-Inf,-Inf,0,-Inf,-Inf,0
"216",77,77,"aɪ","i",3,0,0,0,0,0,0,-Inf,-Inf,-Inf,-Inf,-Inf,-Inf
"217",120,120,"ɑ","i",3,0,0,0,0,0,0,-Inf,-Inf,-Inf,-Inf,-Inf,-Inf
"218",183,183,"ə","i",3,0,0,0,0,0,0,-Inf,-Inf,-Inf,-Inf,-Inf,-Inf
"219",254,254,"i","i",3,0,0,0,0,0,0,-Inf,-Inf,-Inf,-Inf,-Inf,-Inf
"220",261,261,"j","i",3,0,0,0,0,0,0,-Inf,-Inf,-Inf,-Inf,-Inf,-Inf
"221",8,8,"æ","i_e",1,0,0,0,0,0,0,-Inf,-Inf,-Inf,-Inf,-Inf,-Inf
"222",30,30,"ɪ","i_e",1,0,0,0,0,0,0,-Inf,-Inf,-Inf,-Inf,-Inf,-Inf
"223",57,57,"ɚ","i_e",1,0,0,0,0,0,0,-Inf,-Inf,-Inf,-Inf,-Inf,-Inf
"224",78,78,"aɪ","i_e",1,0,0,0,0,0,0,-Inf,-Inf,-Inf,-Inf,-Inf,-Inf
"225",121,121,"ɑ","i_e",1,0,0,0,0,0,0,-Inf,-Inf,-Inf,-Inf,-Inf,-Inf
"226",184,184,"ə","i_e",1,0,0,0,0,0,0,-Inf,-Inf,-Inf,-Inf,-Inf,-Inf
"227",255,255,"i","i_e",1,0,0,0,0,0,0,-Inf,-Inf,-Inf,-Inf,-Inf,-Inf
"228",31,31,"ɪ","ia",1,0,0,0,0,0,0,-Inf,-Inf,-Inf,-Inf,-Inf,-Inf
"229",79,79,"aɪ","ia",1,0,0,0,0,0,0,-Inf,-Inf,-Inf,-Inf,-Inf,-Inf
"230",185,185,"ə","ia",1,0,0,0,0,0,0,-Inf,-Inf,-Inf,-Inf,-Inf,-Inf
"231",32,32,"ɪ","ia_e",1,0,0,0,0,0,0,-Inf,-Inf,-Inf,-Inf,-Inf,-Inf
"232",186,186,"ə","ia_e",1,0,0,0,0,0,0,-Inf,-Inf,-Inf,-Inf,-Inf,-Inf
"233",33,33,"ɪ","ie",1,0,0,0,0,0,0,-Inf,-Inf,-Inf,-Inf,-Inf,-Inf
"234",80,80,"aɪ","ie",1,0,0,0,0,0,0,-Inf,-Inf,-Inf,-Inf,-Inf,-Inf
"235",187,187,"ə","ie",1,0,0,0,0,0,0,-Inf,-Inf,-Inf,-Inf,-Inf,-Inf
"236",216,216,"ɛ","ie",1,0,0,0,0,0,0,-Inf,-Inf,-Inf,-Inf,-Inf,-Inf
"237",256,256,"i","ie",1,0,0,0,0,0,0,-Inf,-Inf,-Inf,-Inf,-Inf,-Inf
"238",34,34,"ɪ","ie_e",1,0,0,0,0,0,0,-Inf,-Inf,-Inf,-Inf,-Inf,-Inf
"239",257,257,"i","ie_e",1,0,0,0,0,0,0,-Inf,-Inf,-Inf,-Inf,-Inf,-Inf
"240",422,422,"u","ieu",1,0,0,0,0,0,0,-Inf,-Inf,-Inf,-Inf,-Inf,-Inf
"241",81,81,"aɪ","igh",1,0,0,0,0,0,0,-Inf,-Inf,-Inf,-Inf,-Inf,-Inf
"242",82,82,"aɪ","igh_e",1,0,0,0,0,0,0,-Inf,-Inf,-Inf,-Inf,-Inf,-Inf
"243",262,262,"j","ill",1,0,0,0,0,0,0,-Inf,-Inf,-Inf,-Inf,-Inf,-Inf
"244",423,423,"u","ioux",1,0,0,0,0,0,0,-Inf,-Inf,-Inf,-Inf,-Inf,-Inf
"245",258,258,"i","is",1,0,0,0,0,0,0,-Inf,-Inf,-Inf,-Inf,-Inf,-Inf
"246",236,236,"dʒ","j",1,0,0,0,0,0,0,-Inf,-Inf,-Inf,-Inf,-Inf,-Inf
"247",239,239,"h","j",1,0,0,0,0,0,0,-Inf,-Inf,-Inf,-Inf,-Inf,-Inf
"248",263,263,"j","j",1,0,0,0,0,0,0,-Inf,-Inf,-Inf,-Inf,-Inf,-Inf
"249",474,474,"ʒ","j",1,0,0,0,0,0,0,-Inf,-Inf,-Inf,-Inf,-Inf,-Inf
"250",455,455,"w","ju",1,0,0,0,0,0,0,-Inf,-Inf,-Inf,-Inf,-Inf,-Inf
"251",294,294,"k","k",1,1,0,0,0,0,1,0,-Inf,-Inf,-Inf,-Inf,0
"252",295,295,"k","kh",1,0,0,0,0,0,0,-Inf,-Inf,-Inf,-Inf,-Inf,-Inf
"253",296,296,"k","kk",1,0,0,0,0,0,0,-Inf,-Inf,-Inf,-Inf,-Inf,-Inf
"254",316,316,"n","kn",1,0,0,0,0,0,0,-Inf,-Inf,-Inf,-Inf,-Inf,-Inf
"255",304,304,"l","l",1,2,0,0,0,0,2,0.301029995663981,-Inf,-Inf,-Inf,-Inf,0.301029995663981
"256",162,162,"d","ld",1,0,0,0,0,0,0,-Inf,-Inf,-Inf,-Inf,-Inf,-Inf
"257",222,222,"f","lf",1,0,0,0,0,0,0,-Inf,-Inf,-Inf,-Inf,-Inf,-Inf
"258",297,297,"k","lk",1,0,0,0,0,0,0,-Inf,-Inf,-Inf,-Inf,-Inf,-Inf
"259",305,305,"l","ll",1,0,1,0,0,1,2,-Inf,0,-Inf,-Inf,0,0.301029995663981
"260",264,264,"j","ll",2,0,0,0,0,0,0,-Inf,-Inf,-Inf,-Inf,-Inf,-Inf
"261",308,308,"m","lm",1,0,0,0,0,0,0,-Inf,-Inf,-Inf,-Inf,-Inf,-Inf
"262",317,317,"n","ln",1,0,0,0,0,0,0,-Inf,-Inf,-Inf,-Inf,-Inf,-Inf
"263",365,365,"ɹ","lo",1,0,0,0,0,0,0,-Inf,-Inf,-Inf,-Inf,-Inf,-Inf
"264",451,451,"v","lv",1,0,0,0,0,0,0,-Inf,-Inf,-Inf,-Inf,-Inf,-Inf
"265",309,309,"m","m",1,7,2,0,0,2,11,0.845098040014257,0.301029995663981,-Inf,-Inf,0.301029995663981,1.04139268515823
"266",310,310,"m","mb",1,0,0,0,0,0,0,-Inf,-Inf,-Inf,-Inf,-Inf,-Inf
"267",311,311,"m","mm",1,0,1,0,0,0,1,-Inf,0,-Inf,-Inf,-Inf,0
"268",312,312,"m","mn",1,0,0,0,0,0,0,-Inf,-Inf,-Inf,-Inf,-Inf,-Inf
"269",318,318,"n","mn",1,0,0,0,0,0,0,-Inf,-Inf,-Inf,-Inf,-Inf,-Inf
"270",319,319,"n","n",1,2,0,5,0,3,10,0.301029995663981,-Inf,0.698970004336019,-Inf,0.477121254719662,1
"271",322,322,"ŋ","n",2,0,0,0,0,0,0,-Inf,-Inf,-Inf,-Inf,-Inf,-Inf
"272",327,327,"nj","n",2,0,0,0,0,0,0,-Inf,-Inf,-Inf,-Inf,-Inf,-Inf
"273",323,323,"ŋ","nd",1,0,0,0,0,0,0,-Inf,-Inf,-Inf,-Inf,-Inf,-Inf
"274",324,324,"ŋ","ng",1,0,0,0,0,1,1,-Inf,-Inf,-Inf,-Inf,0,0
"275",325,325,"ŋ","ngu",1,0,0,0,0,0,0,-Inf,-Inf,-Inf,-Inf,-Inf,-Inf
"276",320,320,"n","nn",1,0,0,0,0,0,0,-Inf,-Inf,-Inf,-Inf,-Inf,-Inf
"277",122,122,"ɑ","o",1,0,0,1,2,0,3,-Inf,-Inf,0,0.301029995663981,-Inf,0.477121254719662
"278",336,336,"oʊ","o",2,0,0,0,0,2,2,-Inf,-Inf,-Inf,-Inf,0.301029995663981,0.301029995663981
"279",456,456,"w","o",2,2,0,0,0,0,2,0.301029995663981,-Inf,-Inf,-Inf,-Inf,0.301029995663981
"280",12,12,"ʌ","o",3,0,0,0,1,0,1,-Inf,-Inf,-Inf,0,-Inf,0
"281",58,58,"ɚ","o",3,0,0,1,0,0,1,-Inf,-Inf,0,-Inf,-Inf,0
"282",35,35,"ɪ","o",4,0,0,0,0,0,0,-Inf,-Inf,-Inf,-Inf,-Inf,-Inf
"283",142,142,"ɔ","o",4,0,0,0,0,0,0,-Inf,-Inf,-Inf,-Inf,-Inf,-Inf
"284",188,188,"ə","o",4,0,0,0,0,0,0,-Inf,-Inf,-Inf,-Inf,-Inf,-Inf
"285",354,354,"aʊ","o",4,0,0,0,0,0,0,-Inf,-Inf,-Inf,-Inf,-Inf,-Inf
"286",366,366,"ɹ","o",4,0,0,0,0,0,0,-Inf,-Inf,-Inf,-Inf,-Inf,-Inf
"287",424,424,"u","o",4,0,0,0,0,0,0,-Inf,-Inf,-Inf,-Inf,-Inf,-Inf
"288",443,443,"ʊ","o",4,0,0,0,0,0,0,-Inf,-Inf,-Inf,-Inf,-Inf,-Inf
"289",59,59,"ɚ","o_e",1,0,0,1,0,0,1,-Inf,-Inf,0,-Inf,-Inf,0
"290",13,13,"ʌ","o_e",2,0,0,0,0,0,0,-Inf,-Inf,-Inf,-Inf,-Inf,-Inf
"291",123,123,"ɑ","o_e",2,0,0,0,0,0,0,-Inf,-Inf,-Inf,-Inf,-Inf,-Inf
"292",143,143,"ɔ","o_e",2,0,0,0,0,0,0,-Inf,-Inf,-Inf,-Inf,-Inf,-Inf
"293",189,189,"ə","o_e",2,0,0,0,0,0,0,-Inf,-Inf,-Inf,-Inf,-Inf,-Inf
"294",337,337,"oʊ","o_e",2,0,0,0,0,0,0,-Inf,-Inf,-Inf,-Inf,-Inf,-Inf
"295",425,425,"u","o_e",2,0,0,0,0,0,0,-Inf,-Inf,-Inf,-Inf,-Inf,-Inf
"296",60,60,"ɚ","oa",1,0,0,0,0,0,0,-Inf,-Inf,-Inf,-Inf,-Inf,-Inf
"297",144,144,"ɔ","oa",1,0,0,0,0,0,0,-Inf,-Inf,-Inf,-Inf,-Inf,-Inf
"298",338,338,"oʊ","oa",1,0,0,0,0,0,0,-Inf,-Inf,-Inf,-Inf,-Inf,-Inf
"299",145,145,"ɔ","oa_e",1,0,0,0,0,0,0,-Inf,-Inf,-Inf,-Inf,-Inf,-Inf
"300",339,339,"oʊ","oa_e",1,0,0,0,0,0,0,-Inf,-Inf,-Inf,-Inf,-Inf,-Inf
"301",14,14,"ʌ","oe",1,0,0,0,0,0,0,-Inf,-Inf,-Inf,-Inf,-Inf,-Inf
"302",259,259,"i","oe",1,0,0,0,0,0,0,-Inf,-Inf,-Inf,-Inf,-Inf,-Inf
"303",340,340,"oʊ","oe",1,0,0,0,0,0,0,-Inf,-Inf,-Inf,-Inf,-Inf,-Inf
"304",426,426,"u","oe",1,0,0,0,0,0,0,-Inf,-Inf,-Inf,-Inf,-Inf,-Inf
"305",124,124,"ɑ","oh",1,0,0,0,0,0,0,-Inf,-Inf,-Inf,-Inf,-Inf,-Inf
"306",341,341,"oʊ","oh",1,0,0,0,0,0,0,-Inf,-Inf,-Inf,-Inf,-Inf,-Inf
"307",41,41,"ɔɪ","oi",1,0,0,0,0,0,0,-Inf,-Inf,-Inf,-Inf,-Inf,-Inf
"308",190,190,"ə","oi",1,0,0,0,0,0,0,-Inf,-Inf,-Inf,-Inf,-Inf,-Inf
"309",42,42,"ɔɪ","oi_e",1,0,0,0,0,0,0,-Inf,-Inf,-Inf,-Inf,-Inf,-Inf
"310",191,191,"ə","oi_e",1,0,0,0,0,0,0,-Inf,-Inf,-Inf,-Inf,-Inf,-Inf
"311",192,192,"ə","on",1,0,0,0,0,0,0,-Inf,-Inf,-Inf,-Inf,-Inf,-Inf
"312",427,427,"u","oo",1,0,0,2,0,0,2,-Inf,-Inf,0.301029995663981,-Inf,-Inf,0.301029995663981
"313",444,444,"ʊ","oo",2,0,0,1,0,0,1,-Inf,-Inf,0,-Inf,-Inf,0
"314",15,15,"ʌ","oo",3,0,0,0,0,0,0,-Inf,-Inf,-Inf,-Inf,-Inf,-Inf
"315",146,146,"ɔ","oo",3,0,0,0,0,0,0,-Inf,-Inf,-Inf,-Inf,-Inf,-Inf
"316",342,342,"oʊ","oo",3,0,0,0,0,0,0,-Inf,-Inf,-Inf,-Inf,-Inf,-Inf
"317",147,147,"ɔ","oo_e",1,0,0,0,0,0,0,-Inf,-Inf,-Inf,-Inf,-Inf,-Inf
"318",428,428,"u","oo_e",1,0,0,0,0,0,0,-Inf,-Inf,-Inf,-Inf,-Inf,-Inf
"319",429,429,"u","ooh",1,0,0,0,0,0,0,-Inf,-Inf,-Inf,-Inf,-Inf,-Inf
"320",367,367,"ɹ","or",1,0,0,0,0,0,0,-Inf,-Inf,-Inf,-Inf,-Inf,-Inf
"321",343,343,"oʊ","os",1,0,0,0,0,0,0,-Inf,-Inf,-Inf,-Inf,-Inf,-Inf
"322",344,344,"oʊ","ot",1,0,0,0,0,0,0,-Inf,-Inf,-Inf,-Inf,-Inf,-Inf
"323",355,355,"aʊ","ou",1,1,0,0,0,0,1,0,-Inf,-Inf,-Inf,-Inf,0
"324",16,16,"ʌ","ou",2,0,0,0,0,0,0,-Inf,-Inf,-Inf,-Inf,-Inf,-Inf
"325",61,61,"ɚ","ou",2,0,0,0,0,0,0,-Inf,-Inf,-Inf,-Inf,-Inf,-Inf
"326",125,125,"ɑ","ou",2,0,0,0,0,0,0,-Inf,-Inf,-Inf,-Inf,-Inf,-Inf
"327",148,148,"ɔ","ou",2,0,0,0,0,0,0,-Inf,-Inf,-Inf,-Inf,-Inf,-Inf
"328",193,193,"ə","ou",2,0,0,0,0,0,0,-Inf,-Inf,-Inf,-Inf,-Inf,-Inf
"329",276,276,"ju","ou",2,0,0,0,0,0,0,-Inf,-Inf,-Inf,-Inf,-Inf,-Inf
"330",345,345,"oʊ","ou",2,0,0,0,0,0,0,-Inf,-Inf,-Inf,-Inf,-Inf,-Inf
"331",430,430,"u","ou",2,0,0,0,0,0,0,-Inf,-Inf,-Inf,-Inf,-Inf,-Inf
"332",445,445,"ʊ","ou",2,0,0,0,0,0,0,-Inf,-Inf,-Inf,-Inf,-Inf,-Inf
"333",457,457,"w","ou",2,0,0,0,0,0,0,-Inf,-Inf,-Inf,-Inf,-Inf,-Inf
"334",62,62,"ɚ","ou_e",1,0,0,0,0,0,0,-Inf,-Inf,-Inf,-Inf,-Inf,-Inf
"335",149,149,"ɔ","ou_e",1,0,0,0,0,0,0,-Inf,-Inf,-Inf,-Inf,-Inf,-Inf
"336",346,346,"oʊ","ou_e",1,0,0,0,0,0,0,-Inf,-Inf,-Inf,-Inf,-Inf,-Inf
"337",356,356,"aʊ","ou_e",1,0,0,0,0,0,0,-Inf,-Inf,-Inf,-Inf,-Inf,-Inf
"338",431,431,"u","ou_e",1,0,0,0,0,0,0,-Inf,-Inf,-Inf,-Inf,-Inf,-Inf
"339",150,150,"ɔ","ough",1,0,0,0,0,0,0,-Inf,-Inf,-Inf,-Inf,-Inf,-Inf
"340",347,347,"oʊ","ough",1,0,0,0,0,0,0,-Inf,-Inf,-Inf,-Inf,-Inf,-Inf
"341",357,357,"aʊ","ough",1,0,0,0,0,0,0,-Inf,-Inf,-Inf,-Inf,-Inf,-Inf
"342",432,432,"u","ough",1,0,0,0,0,0,0,-Inf,-Inf,-Inf,-Inf,-Inf,-Inf
"343",433,433,"u","oup",1,0,0,0,0,0,0,-Inf,-Inf,-Inf,-Inf,-Inf,-Inf
"344",434,434,"u","ous",1,0,0,0,0,0,0,-Inf,-Inf,-Inf,-Inf,-Inf,-Inf
"345",126,126,"ɑ","ow",1,0,0,0,0,0,0,-Inf,-Inf,-Inf,-Inf,-Inf,-Inf
"346",348,348,"oʊ","ow",1,0,0,0,0,0,0,-Inf,-Inf,-Inf,-Inf,-Inf,-Inf
"347",358,358,"aʊ","ow",1,0,0,0,0,0,0,-Inf,-Inf,-Inf,-Inf,-Inf,-Inf
"348",446,446,"ʊ","ow",1,0,0,0,0,0,0,-Inf,-Inf,-Inf,-Inf,-Inf,-Inf
"349",359,359,"aʊ","ow_e",1,0,0,0,0,0,0,-Inf,-Inf,-Inf,-Inf,-Inf,-Inf
"350",349,349,"oʊ","owe",1,0,0,0,0,0,0,-Inf,-Inf,-Inf,-Inf,-Inf,-Inf
"351",360,360,"aʊ","owe",1,0,0,0,0,0,0,-Inf,-Inf,-Inf,-Inf,-Inf,-Inf
"352",43,43,"ɔɪ","oy",1,0,0,0,0,2,2,-Inf,-Inf,-Inf,-Inf,0.301029995663981,0.301029995663981
"353",83,83,"aɪ","oy",2,0,0,0,0,0,0,-Inf,-Inf,-Inf,-Inf,-Inf,-Inf
"354",44,44,"ɔɪ","oy_e",1,0,0,0,0,0,0,-Inf,-Inf,-Inf,-Inf,-Inf,-Inf
"355",45,45,"ɔɪ","oye",1,0,0,0,0,0,0,-Inf,-Inf,-Inf,-Inf,-Inf,-Inf
"356",363,363,"p","p",1,1,0,0,0,1,2,0,-Inf,-Inf,-Inf,0,0.301029995663981
"357",130,130,"b","pb",1,0,0,0,0,0,0,-Inf,-Inf,-Inf,-Inf,-Inf,-Inf
"358",223,223,"f","ph",1,0,0,0,0,0,0,-Inf,-Inf,-Inf,-Inf,-Inf,-Inf
"359",452,452,"v","ph",1,0,0,0,0,0,0,-Inf,-Inf,-Inf,-Inf,-Inf,-Inf
"360",321,321,"n","pn",1,0,0,0,0,0,0,-Inf,-Inf,-Inf,-Inf,-Inf,-Inf
"361",364,364,"p","pp",1,0,0,0,0,0,0,-Inf,-Inf,-Inf,-Inf,-Inf,-Inf
"362",224,224,"f","pph",1,0,0,0,0,0,0,-Inf,-Inf,-Inf,-Inf,-Inf,-Inf
"363",379,379,"s","ps",1,0,0,0,0,0,0,-Inf,-Inf,-Inf,-Inf,-Inf,-Inf
"364",410,410,"t","pt",1,0,0,0,0,0,0,-Inf,-Inf,-Inf,-Inf,-Inf,-Inf
"365",298,298,"k","q",1,0,0,0,0,0,0,-Inf,-Inf,-Inf,-Inf,-Inf,-Inf
"366",299,299,"k","qu",1,0,0,0,0,0,0,-Inf,-Inf,-Inf,-Inf,-Inf,-Inf
"367",368,368,"ɹ","r",1,0,0,7,0,3,10,-Inf,-Inf,0.845098040014257,-Inf,0.477121254719662,1
"368",63,63,"ɚ","r",2,0,0,0,0,0,0,-Inf,-Inf,-Inf,-Inf,-Inf,-Inf
"369",369,369,"ɹ","ra",1,0,0,0,0,0,0,-Inf,-Inf,-Inf,-Inf,-Inf,-Inf
"370",370,370,"ɹ","rh",1,0,0,0,0,0,0,-Inf,-Inf,-Inf,-Inf,-Inf,-Inf
"371",371,371,"ɹ","ro",1,0,0,0,0,0,0,-Inf,-Inf,-Inf,-Inf,-Inf,-Inf
"372",372,372,"ɹ","rps",1,0,0,0,0,0,0,-Inf,-Inf,-Inf,-Inf,-Inf,-Inf
"373",373,373,"ɹ","rr",1,0,0,0,0,0,0,-Inf,-Inf,-Inf,-Inf,-Inf,-Inf
"374",374,374,"ɹ","rrh",1,0,0,0,0,0,0,-Inf,-Inf,-Inf,-Inf,-Inf,-Inf
"375",375,375,"ɹ","rt",1,0,0,0,0,0,0,-Inf,-Inf,-Inf,-Inf,-Inf,-Inf
"376",380,380,"s","s",1,1,0,1,0,3,5,0,-Inf,0,-Inf,0.477121254719662,0.698970004336019
"377",465,465,"z","s",2,0,0,0,0,2,2,-Inf,-Inf,-Inf,-Inf,0.301029995663981,0.301029995663981
"378",392,392,"ʃ","s",3,0,0,0,0,0,0,-Inf,-Inf,-Inf,-Inf,-Inf,-Inf
"379",475,475,"ʒ","s",3,0,0,0,0,0,0,-Inf,-Inf,-Inf,-Inf,-Inf,-Inf
"380",381,381,"s","sc",1,0,0,0,0,0,0,-Inf,-Inf,-Inf,-Inf,-Inf,-Inf
"381",393,393,"ʃ","sc",1,0,0,0,0,0,0,-Inf,-Inf,-Inf,-Inf,-Inf,-Inf
"382",394,394,"ʃ","sch",1,0,0,0,0,0,0,-Inf,-Inf,-Inf,-Inf,-Inf,-Inf
"383",395,395,"ʃ","sci",1,0,0,0,0,0,0,-Inf,-Inf,-Inf,-Inf,-Inf,-Inf
"384",396,396,"ʃ","sh",1,0,0,0,0,0,0,-Inf,-Inf,-Inf,-Inf,-Inf,-Inf
"385",397,397,"ʃ","shh",1,0,0,0,0,0,0,-Inf,-Inf,-Inf,-Inf,-Inf,-Inf
"386",398,398,"ʃ","shi",1,0,0,0,0,0,0,-Inf,-Inf,-Inf,-Inf,-Inf,-Inf
"387",399,399,"ʃ","si",1,0,0,0,0,0,0,-Inf,-Inf,-Inf,-Inf,-Inf,-Inf
"388",466,466,"z","si",1,0,0,0,0,0,0,-Inf,-Inf,-Inf,-Inf,-Inf,-Inf
"389",476,476,"ʒ","si",1,0,0,0,0,0,0,-Inf,-Inf,-Inf,-Inf,-Inf,-Inf
"390",306,306,"l","sl",1,0,0,0,0,0,0,-Inf,-Inf,-Inf,-Inf,-Inf,-Inf
"391",382,382,"s","ss",1,0,0,0,0,0,0,-Inf,-Inf,-Inf,-Inf,-Inf,-Inf
"392",400,400,"ʃ","ss",1,0,0,0,0,0,0,-Inf,-Inf,-Inf,-Inf,-Inf,-Inf
"393",467,467,"z","ss",1,0,0,0,0,0,0,-Inf,-Inf,-Inf,-Inf,-Inf,-Inf
"394",401,401,"ʃ","ssi",1,0,0,0,0,0,0,-Inf,-Inf,-Inf,-Inf,-Inf,-Inf
"395",383,383,"s","st",1,0,0,0,0,0,0,-Inf,-Inf,-Inf,-Inf,-Inf,-Inf
"396",384,384,"s","sw",1,0,0,0,0,0,0,-Inf,-Inf,-Inf,-Inf,-Inf,-Inf
"397",411,411,"t","t",1,2,3,1,0,6,12,0.301029995663981,0.477121254719662,0,-Inf,0.778151250383644,1.07918124604762
"398",155,155,"tʃ","t",2,0,0,0,0,0,0,-Inf,-Inf,-Inf,-Inf,-Inf,-Inf
"399",402,402,"ʃ","t",2,0,0,0,0,0,0,-Inf,-Inf,-Inf,-Inf,-Inf,-Inf
"400",156,156,"tʃ","tch",1,0,0,0,0,0,0,-Inf,-Inf,-Inf,-Inf,-Inf,-Inf
"401",415,415,"θ","th",1,1,1,0,1,0,3,0,0,-Inf,0,-Inf,0.477121254719662
"402",163,163,"ð","th",2,0,1,0,0,0,1,-Inf,0,-Inf,-Inf,-Inf,0
"403",412,412,"t","th",3,0,0,0,0,0,0,-Inf,-Inf,-Inf,-Inf,-Inf,-Inf
"404",313,313,"m","thm",1,0,0,0,0,0,0,-Inf,-Inf,-Inf,-Inf,-Inf,-Inf
"405",157,157,"tʃ","ti",1,0,0,0,0,0,0,-Inf,-Inf,-Inf,-Inf,-Inf,-Inf
"406",403,403,"ʃ","ti",1,0,0,0,0,0,0,-Inf,-Inf,-Inf,-Inf,-Inf,-Inf
"407",477,477,"ʒ","ti",1,0,0,0,0,0,0,-Inf,-Inf,-Inf,-Inf,-Inf,-Inf
"408",385,385,"s","ts",1,0,0,0,0,0,0,-Inf,-Inf,-Inf,-Inf,-Inf,-Inf
"409",468,468,"z","ts",1,0,0,0,0,0,0,-Inf,-Inf,-Inf,-Inf,-Inf,-Inf
"410",413,413,"t","tt",1,0,2,0,0,0,2,-Inf,0.301029995663981,-Inf,-Inf,-Inf,0.301029995663981
"411",416,416,"θ","tth",1,0,0,0,0,0,0,-Inf,-Inf,-Inf,-Inf,-Inf,-Inf
"412",386,386,"s","tz",1,0,0,0,0,0,0,-Inf,-Inf,-Inf,-Inf,-Inf,-Inf
"413",469,469,"z","tz",1,0,0,0,0,0,0,-Inf,-Inf,-Inf,-Inf,-Inf,-Inf
"414",17,17,"ʌ","u",1,0,0,0,0,0,0,-Inf,-Inf,-Inf,-Inf,-Inf,-Inf
"415",36,36,"ɪ","u",1,0,0,0,0,0,0,-Inf,-Inf,-Inf,-Inf,-Inf,-Inf
"416",64,64,"ɚ","u",1,0,0,0,0,0,0,-Inf,-Inf,-Inf,-Inf,-Inf,-Inf
"417",194,194,"ə","u",1,0,0,0,0,0,0,-Inf,-Inf,-Inf,-Inf,-Inf,-Inf
"418",217,217,"ɛ","u",1,0,0,0,0,0,0,-Inf,-Inf,-Inf,-Inf,-Inf,-Inf
"419",266,266,"jɚ","u",1,0,0,0,0,0,0,-Inf,-Inf,-Inf,-Inf,-Inf,-Inf
"420",268,268,"jə","u",1,0,0,0,0,0,0,-Inf,-Inf,-Inf,-Inf,-Inf,-Inf
"421",277,277,"ju","u",1,0,0,0,0,0,0,-Inf,-Inf,-Inf,-Inf,-Inf,-Inf
"422",286,286,"jʊ","u",1,0,0,0,0,0,0,-Inf,-Inf,-Inf,-Inf,-Inf,-Inf
"423",435,435,"u","u",1,0,0,0,0,0,0,-Inf,-Inf,-Inf,-Inf,-Inf,-Inf
"424",447,447,"ʊ","u",1,0,0,0,0,0,0,-Inf,-Inf,-Inf,-Inf,-Inf,-Inf
"425",458,458,"w","u",1,0,0,0,0,0,0,-Inf,-Inf,-Inf,-Inf,-Inf,-Inf
"426",18,18,"ʌ","u_e",1,0,0,0,0,0,0,-Inf,-Inf,-Inf,-Inf,-Inf,-Inf
"427",65,65,"ɚ","u_e",1,0,0,0,0,0,0,-Inf,-Inf,-Inf,-Inf,-Inf,-Inf
"428",195,195,"ə","u_e",1,0,0,0,0,0,0,-Inf,-Inf,-Inf,-Inf,-Inf,-Inf
"429",267,267,"jɚ","u_e",1,0,0,0,0,0,0,-Inf,-Inf,-Inf,-Inf,-Inf,-Inf
"430",278,278,"ju","u_e",1,0,0,0,0,0,0,-Inf,-Inf,-Inf,-Inf,-Inf,-Inf
"431",287,287,"jʊ","u_e",1,0,0,0,0,0,0,-Inf,-Inf,-Inf,-Inf,-Inf,-Inf
"432",436,436,"u","u_e",1,0,0,0,0,0,0,-Inf,-Inf,-Inf,-Inf,-Inf,-Inf
"433",448,448,"ʊ","u_e",1,0,0,0,0,0,0,-Inf,-Inf,-Inf,-Inf,-Inf,-Inf
"434",196,196,"ə","ua",1,0,0,0,0,0,0,-Inf,-Inf,-Inf,-Inf,-Inf,-Inf
"435",269,269,"jə","ua",1,0,0,0,0,0,0,-Inf,-Inf,-Inf,-Inf,-Inf,-Inf
"436",279,279,"ju","ua",1,0,0,0,0,0,0,-Inf,-Inf,-Inf,-Inf,-Inf,-Inf
"437",437,437,"u","ua",1,0,0,0,0,0,0,-Inf,-Inf,-Inf,-Inf,-Inf,-Inf
"438",280,280,"ju","ue",1,0,0,0,0,0,0,-Inf,-Inf,-Inf,-Inf,-Inf,-Inf
"439",438,438,"u","ue",1,0,0,0,0,0,0,-Inf,-Inf,-Inf,-Inf,-Inf,-Inf
"440",281,281,"ju","ugh",1,0,0,0,0,0,0,-Inf,-Inf,-Inf,-Inf,-Inf,-Inf
"441",19,19,"ʌ","uh",1,0,0,0,0,0,0,-Inf,-Inf,-Inf,-Inf,-Inf,-Inf
"442",37,37,"ɪ","ui",1,0,0,0,0,0,0,-Inf,-Inf,-Inf,-Inf,-Inf,-Inf
"443",197,197,"ə","ui",1,0,0,0,0,0,0,-Inf,-Inf,-Inf,-Inf,-Inf,-Inf
"444",282,282,"ju","ui",1,0,0,0,0,0,0,-Inf,-Inf,-Inf,-Inf,-Inf,-Inf
"445",439,439,"u","ui",1,0,0,0,0,0,0,-Inf,-Inf,-Inf,-Inf,-Inf,-Inf
"446",440,440,"u","ui_e",1,0,0,0,0,0,0,-Inf,-Inf,-Inf,-Inf,-Inf,-Inf
"447",449,449,"ʊ","uo",1,0,0,0,0,0,0,-Inf,-Inf,-Inf,-Inf,-Inf,-Inf
"448",283,283,"ju","ut",1,0,0,0,0,0,0,-Inf,-Inf,-Inf,-Inf,-Inf,-Inf
"449",284,284,"ju","uu",1,0,0,0,0,0,0,-Inf,-Inf,-Inf,-Inf,-Inf,-Inf
"450",84,84,"aɪ","uy",1,0,0,0,0,0,0,-Inf,-Inf,-Inf,-Inf,-Inf,-Inf
"451",453,453,"v","v",1,0,0,0,0,0,0,-Inf,-Inf,-Inf,-Inf,-Inf,-Inf
"452",454,454,"v","vv",1,0,0,0,0,0,0,-Inf,-Inf,-Inf,-Inf,-Inf,-Inf
"453",459,459,"w","w",1,4,0,0,0,0,4,0.602059991327962,-Inf,-Inf,-Inf,-Inf,0.602059991327962
"454",240,240,"h","wh",1,0,0,0,0,0,0,-Inf,-Inf,-Inf,-Inf,-Inf,-Inf
"455",460,460,"w","wh",1,0,0,0,0,0,0,-Inf,-Inf,-Inf,-Inf,-Inf,-Inf
"456",441,441,"u","wo",1,0,0,0,0,1,1,-Inf,-Inf,-Inf,-Inf,0,0
"457",376,376,"ɹ","wr",1,0,0,0,0,0,0,-Inf,-Inf,-Inf,-Inf,-Inf,-Inf
"458",237,237,"gz","x",1,0,0,0,0,0,0,-Inf,-Inf,-Inf,-Inf,-Inf,-Inf
"459",300,300,"k","x",1,0,0,0,0,0,0,-Inf,-Inf,-Inf,-Inf,-Inf,-Inf
"460",301,301,"ks","x",1,0,0,0,0,0,0,-Inf,-Inf,-Inf,-Inf,-Inf,-Inf
"461",302,302,"kʃ","x",1,0,0,0,0,0,0,-Inf,-Inf,-Inf,-Inf,-Inf,-Inf
"462",470,470,"z","x",1,0,0,0,0,0,0,-Inf,-Inf,-Inf,-Inf,-Inf,-Inf
"463",303,303,"kʃ","xi",1,0,0,0,0,0,0,-Inf,-Inf,-Inf,-Inf,-Inf,-Inf
"464",404,404,"ʃ","xi",1,0,0,0,0,0,0,-Inf,-Inf,-Inf,-Inf,-Inf,-Inf
"465",260,260,"i","y",1,0,0,0,0,4,4,-Inf,-Inf,-Inf,-Inf,0.602059991327962,0.602059991327962
"466",85,85,"aɪ","y",2,0,0,0,0,2,2,-Inf,-Inf,-Inf,-Inf,0.301029995663981,0.301029995663981
"467",265,265,"j","y",3,1,0,0,0,0,1,0,-Inf,-Inf,-Inf,-Inf,0
"468",38,38,"ɪ","y",4,0,0,0,0,0,0,-Inf,-Inf,-Inf,-Inf,-Inf,-Inf
"469",66,66,"ɚ","y",4,0,0,0,0,0,0,-Inf,-Inf,-Inf,-Inf,-Inf,-Inf
"470",198,198,"ə","y",4,0,0,0,0,0,0,-Inf,-Inf,-Inf,-Inf,-Inf,-Inf
"471",86,86,"aɪ","y_e",1,0,0,0,0,0,0,-Inf,-Inf,-Inf,-Inf,-Inf,-Inf
"472",87,87,"aɪ","ye",1,0,0,0,0,1,1,-Inf,-Inf,-Inf,-Inf,0,0
"473",387,387,"s","z",1,0,0,0,0,0,0,-Inf,-Inf,-Inf,-Inf,-Inf,-Inf
"474",414,414,"t","z",1,0,0,0,0,0,0,-Inf,-Inf,-Inf,-Inf,-Inf,-Inf
"475",417,417,"ts","z",1,0,0,0,0,0,0,-Inf,-Inf,-Inf,-Inf,-Inf,-Inf
"476",471,471,"z","z",1,0,0,0,0,0,0,-Inf,-Inf,-Inf,-Inf,-Inf,-Inf
"477",478,478,"ʒ","z",1,0,0,0,0,0,0,-Inf,-Inf,-Inf,-Inf,-Inf,-Inf
"478",472,472,"z","zz",1,0,0,0,0,0,0,-Inf,-Inf,-Inf,-Inf,-Inf,-Inf
