PG mapping,wi,si,sm,sf,wf,consistency,wi_consistency,si_consistency,sm_consistency,sf_consistency,wf_consistency
aɪ-a,0,0,0,0,0,0,0,0,0,0,0
aɪ-ae,0,0,0,0,0,0,0,0,0,0,0
aɪ-ai,0,0,0,0,0,0,0,0,0,0,0
aɪ-ai_e,1,0,0,0,0,0.00625,0.03125,0,0,0,0
aɪ-ay,0,0,0,1,0,0.0011976047904191617,0,0,0,0.005988023952095809,0
aɪ-aye,0,0,0,0,0,0,0,0,0,0,0
aɪ-ei,1,0,0,2,0,0.008645209580838323,0.03125,0,0,0.011976047904191617,0
aɪ-eigh,0,0,1,0,0,6.472491909385113e-4,0,0,0.003236245954692557,0,0
aɪ-ey,0,0,0,1,0,0.0011976047904191617,0,0,0,0.005988023952095809,0
aɪ-eye,12,0,0,0,0,0.075,0.375,0,0,0,0
aɪ-i,14,0,41,128,0,0.26733063000213164,0.4375,0,0.13268608414239483,0.7664670658682635,0
aɪ-i_e,4,1,218,0,0,0.36610032362459544,0.125,1,0.7055016181229773,0,0
aɪ-ia,0,0,2,3,0,0.0048873127531345074,0,0,0.006472491909385114,0.017964071856287425,0
aɪ-ie,0,0,7,0,6,0.031197411003236246,0,0,0.022653721682847898,0,0.13333333333333333
aɪ-igh,0,0,36,9,3,0.0474127473208922,0,0,0.11650485436893204,0.05389221556886228,0.06666666666666667
aɪ-igh_e,0,0,0,0,0,0,0,0,0,0,0
aɪ-oy,0,0,0,2,0,0.0023952095808383233,0,0,0,0.011976047904191617,0
aɪ-uy,0,0,0,1,2,0.010086493679308051,0,0,0,0.005988023952095809,0.044444444444444446
aɪ-y,0,0,0,20,31,0.16172987358616103,0,0,0,0.11976047904191617,0.6888888888888889
aɪ-y_e,0,0,4,0,0,0.0025889967637540453,0,0,0.012944983818770227,0,0
aɪ-ye,0,0,0,0,3,0.013333333333333332,0,0,0,0,0.06666666666666667
aʊ-ao,0,0,0,0,0,0,0,0,0,0,0
aʊ-au,0,0,1,1,0,0.008161014612627516,0,0,0.008547008547008548,0.03225806451612903,0
aʊ-ho,1,0,0,0,0,0.008695652173913044,0.043478260869565216,0,0,0,0
aʊ-hou,1,0,0,0,0,0.008695652173913044,0.043478260869565216,0,0,0,0
aʊ-o,3,0,0,3,0,0.045441795231416546,0.13043478260869565,0,0,0.0967741935483871,0
aʊ-ou,16,1,70,5,0,0.49104661895685736,0.6956521739130435,1,0.5982905982905983,0.16129032258064516,0
aʊ-ou_e,1,0,24,0,0,0.04972129319955407,0.043478260869565216,0,0.20512820512820512,0,0
aʊ-ough,0,0,1,0,1,0.01420940170940171,0,0,0.008547008547008548,0,0.0625
aʊ-ow,1,0,20,22,15,0.372319170232915,0.043478260869565216,0,0.17094017094017094,0.7096774193548387,0.9375
aʊ-ow_e,0,0,1,0,0,0.0017094017094017096,0,0,0.008547008547008548,0,0
aʊ-owe,0,0,0,0,0,0,0,0,0,0,0
b-b,513,274,1,22,68,0.9808580858085808,1,0.9042904290429042,1,1,1
b-bb,0,27,0,0,0,0.01782178217821782,0,0.0891089108910891,0,0,0
b-br,0,0,0,0,0,0,0,0,0,0,0
b-pb,0,2,0,0,0,0.0013201320132013201,0,0.006600660066006601,0,0,0
d-d,387,332,21,83,445,0.9616191888919161,1,0.9146005509641874,0.9545454545454546,0.9880952380952381,0.9508547008547008
d-dd,0,31,1,1,2,0.029406452133724864,0,0.08539944903581267,0.045454545454545456,0.011904761904761904,0.004273504273504274
d-ddh,0,0,0,0,0,0,0,0,0,0,0
d-ed,0,0,0,0,18,0.007692307692307693,0,0,0,0,0.038461538461538464
d-ld,0,0,0,0,3,0.001282051282051282,0,0,0,0,0.00641025641025641
dʒ-d,0,14,0,0,0,0.023140495867768597,0,0.11570247933884298,0,0,0
dʒ-dg,0,3,0,1,23,0.10005671690163669,0,0.024793388429752067,0,0.25,0.22549019607843138
dʒ-di,0,1,0,0,0,0.001652892561983471,0,0.008264462809917356,0,0,0
dʒ-dj,0,2,0,0,0,0.003305785123966942,0,0.01652892561983471,0,0,0
dʒ-g,23,79,1,3,79,0.6784711273866154,0.21495327102803738,0.6528925619834711,1,0.75,0.7745098039215687
dʒ-gg,0,2,0,0,0,0.003305785123966942,0,0.01652892561983471,0,0,0
dʒ-gi,0,2,0,0,0,0.003305785123966942,0,0.01652892561983471,0,0,0
dʒ-j,84,18,0,0,0,0.18676141191009502,0.7850467289719626,0.1487603305785124,0,0,0
eɪ-a,15,11,11,171,0,0.3561248686222186,0.5357142857142857,0.4074074074074074,0.03089887640449438,0.8066037735849056,0
eɪ-a_e,6,16,243,0,0,0.2978925153082456,0.21428571428571427,0.5925925925925926,0.6825842696629213,0,0
eɪ-ae,0,0,0,0,1,0.002702702702702703,0,0,0,0,0.013513513513513514
eɪ-ai,3,0,81,17,0,0.08297192525515612,0.10714285714285714,0,0.22752808988764045,0.08018867924528301,0
eɪ-ai_e,1,0,4,0,0,0.009390048154093097,0.03571428571428571,0,0.011235955056179775,0,0
eɪ-aigh,0,0,1,1,0,0.001505193979224083,0,0,0.0028089887640449437,0.0047169811320754715,0
eɪ-au_e,0,0,1,0,0,5.617977528089887e-4,0,0,0.0028089887640449437,0,0
eɪ-ay,0,0,2,18,56,0.16945607893244102,0,0,0.0056179775280898875,0.08490566037735849,0.7567567567567568
eɪ-ay_e,0,0,0,0,0,0,0,0,0,0,0
eɪ-aye,0,0,0,0,0,0,0,0,0,0,0
eɪ-e,0,0,0,2,1,0.004589495155532891,0,0,0,0.009433962264150943,0.013513513513513514
eɪ-e_e,0,0,1,0,0,5.617977528089887e-4,0,0,0.0028089887640449437,0,0
eɪ-ea,0,0,3,0,1,0.004388095961129669,0,0,0.008426966292134831,0,0.013513513513513514
eɪ-ee,0,0,0,0,0,0,0,0,0,0,0
eɪ-ei,0,0,5,0,0,0.0028089887640449437,0,0,0.014044943820224719,0,0
eɪ-ei_e,0,0,1,0,0,5.617977528089887e-4,0,0,0.0028089887640449437,0,0
eɪ-eigh,3,0,3,2,3,0.03310886524793669,0.10714285714285714,0,0.008426966292134831,0.009433962264150943,0.04054054054054054
eɪ-et,0,0,0,0,6,0.016216216216216217,0,0,0,0,0.08108108108108109
eɪ-ey,0,0,0,1,6,0.01715961244263131,0,0,0,0.0047169811320754715,0.08108108108108109
eɪ-ez,0,0,0,0,0,0,0,0,0,0,0
f-f,380,159,27,15,47,0.7766955162819361,0.9644670050761421,0.6824034334763949,0.84375,0.8333333333333334,0.5595238095238095
f-ff,0,50,1,2,23,0.12615258191974932,0,0.2145922746781116,0.03125,0.1111111111111111,0.27380952380952384
f-ft,0,1,0,0,0,8.583690987124463e-4,0,0.004291845493562232,0,0,0
f-gh,0,1,0,1,6,0.026255194495537842,0,0.004291845493562232,0,0.05555555555555555,0.07142857142857142
f-lf,0,0,0,0,2,0.0047619047619047615,0,0,0,0,0.023809523809523808
f-ph,14,21,4,0,6,0.06441806434344724,0.03553299492385787,0.09012875536480687,0.125,0,0.07142857142857142
f-pph,0,1,0,0,0,8.583690987124463e-4,0,0.004291845493562232,0,0,0
g-g,248,166,1,18,65,0.9144954017358378,0.9649805447470817,0.8217821782178217,1,0.8571428571428571,0.9285714285714286
g-gg,0,33,0,3,1,0.06410183875530409,0,0.16336633663366337,0,0.14285714285714285,0.014285714285714285
g-gh,4,1,0,0,0,0.00410293947682706,0.01556420233463035,0.0049504950495049506,0,0,0
g-gu,5,2,0,0,4,0.017299820032030996,0.019455252918287938,0.009900990099009901,0,0,0.05714285714285714
gz-x,0,0,0,10,0,0.2,0,0,0,1,0
h-h,278,53,0,0,0,0.3971631205673759,0.9858156028368794,1,0,0,0
h-j,0,0,0,0,0,0,0,0,0,0,0
h-wh,4,0,0,0,0,0.0028368794326241132,0.014184397163120567,0,0,0,0
i-a,0,0,0,0,0,0,0,0,0,0,0
i-ae,0,0,0,0,0,0,0,0,0,0,0
i-ay,0,0,0,0,0,0,0,0,0,0,0
i-e,20,2,0,108,17,0.2146716163122734,0.5555555555555556,0.18181818181818182,0,0.3059490084985836,0.030035335689045935
i-e_e,2,0,14,0,0,0.02070015220700152,0.05555555555555555,0,0.04794520547945205,0,0
i-ea,11,0,97,63,7,0.16571701650021164,0.3055555555555556,0,0.3321917808219178,0.17847025495750707,0.012367491166077738
i-ea_e,1,0,15,0,0,0.015829528158295282,0.027777777777777776,0,0.05136986301369863,0,0
i-ee,1,0,92,42,26,0.1015525673319703,0.027777777777777776,0,0.3150684931506849,0.11898016997167139,0.045936395759717315
i-ee_e,0,0,13,0,0,0.008904109589041096,0,0,0.04452054794520548,0,0
i-ei,1,0,4,4,0,0.010561570534794175,0.027777777777777776,0,0.0136986301369863,0.0113314447592068,0
i-ei_e,0,0,3,0,0,0.002054794520547945,0,0,0.010273972602739725,0,0
i-eo,0,0,0,1,0,5.6657223796034e-4,0,0,0,0.0028328611898017,0
i-ey,0,0,1,5,19,0.01023157361537893,0,0,0.003424657534246575,0.014164305949008499,0.03356890459363958
i-i,0,1,3,105,15,0.08502705104509228,0,0.09090909090909091,0.010273972602739725,0.29745042492917845,0.026501766784452298
i-i_e,0,3,17,0,0,0.0661892901618929,0,0.2727272727272727,0.05821917808219178,0,0
i-ie,0,1,26,4,17,0.04426339344955092,0,0.09090909090909091,0.08904109589041095,0.0113314447592068,0.030035335689045935
i-ie_e,0,0,7,0,0,0.004794520547945205,0,0,0.023972602739726026,0,0
i-is,0,0,0,0,0,0,0,0,0,0,0
i-oe,0,0,0,0,0,0,0,0,0,0,0
i-y,0,4,0,21,465,0.2489362437880441,0,0.36363636363636365,0,0.059490084985835696,0.8215547703180212
j-i,0,4,19,0,0,0.23426573426573424,0,0.3076923076923077,0.8636363636363636,0,0
j-ill,0,0,0,0,0,0,0,0,0,0,0
j-j,0,0,0,0,0,0,0,0,0,0,0
j-ll,0,1,0,0,0,0.015384615384615385,0,0.07692307692307693,0,0,0
j-y,35,8,3,0,0,0.3503496503496503,1,0.6153846153846154,0.13636363636363635,0,0
ju-eau,0,0,0,2,0,0.008,0,0,0,0.04,0
ju-eu,1,0,1,0,0,0.018333333333333333,0.05,0,0.041666666666666664,0,0
ju-eue,0,0,0,0,1,0.0125,0,0,0,0,0.0625
ju-ew,0,0,0,0,5,0.0625,0,0,0,0,0.3125
ju-ewe,1,0,0,0,0,0.01,0.05,0,0,0,0
ju-hu,1,0,0,0,0,0.01,0.05,0,0,0,0
ju-ou,0,0,0,0,0,0,0,0,0,0,0
ju-u,13,1,1,47,1,0.40549999999999997,0.65,0.3333333333333333,0.041666666666666664,0.94,0.0625
ju-u_e,4,1,20,0,0,0.2733333333333333,0.2,0.3333333333333333,0.8333333333333334,0,0
ju-ua,0,1,0,0,0,0.06666666666666667,0,0.3333333333333333,0,0,0
ju-ue,0,0,1,0,8,0.10833333333333332,0,0,0.041666666666666664,0,0.5
ju-ugh,0,0,0,0,0,0,0,0,0,0,0
ju-ui,0,0,0,1,0,0.004,0,0,0,0.02,0
ju-ut,0,0,0,0,1,0.0125,0,0,0,0,0.0625
ju-uu,0,0,1,0,0,0.008333333333333333,0,0,0.041666666666666664,0,0
jə-u,0,0,0,13,0,0.2,0,0,0,1,0
jə-ua,0,1,0,0,0,0.2,0,1,0,0,0
jɚ-u,0,0,1,0,0,0.04,0,0,0.2,0,0
jɚ-u_e,0,0,4,0,0,0.16,0,0,0.8,0,0
jʊ-eu,0,0,0,0,0,0,0,0,0,0,0
jʊ-u,3,0,0,7,0,0.4,1,0,0,1,0
jʊ-u_e,0,0,3,0,0,0.2,0,0,1,0,0
k-c,510,209,144,91,51,0.5618467211732742,0.8571428571428571,0.4883177570093458,0.6545454545454545,0.6691176470588235,0.1401098901098901
k-cc,0,19,0,0,0,0.008878504672897195,0,0.04439252336448598,0,0,0
k-cch,0,1,0,0,0,4.672897196261682e-4,0,0.002336448598130841,0,0,0
k-ch,11,11,15,2,6,0.028711909311139656,0.018487394957983194,0.02570093457943925,0.06818181818181818,0.014705882352941176,0.016483516483516484
k-ck,0,74,5,14,89,0.10861422799300754,0,0.17289719626168223,0.022727272727272728,0.10294117647058823,0.2445054945054945
k-cq,0,2,0,0,0,9.345794392523364e-4,0,0.004672897196261682,0,0,0
k-k,43,92,35,21,202,0.23113398146658176,0.07226890756302522,0.21495327102803738,0.1590909090909091,0.15441176470588236,0.554945054945055
k-kh,1,0,0,0,0,3.361344537815126e-4,0.0016806722689075631,0,0,0,0
k-kk,0,0,0,0,0,0,0,0,0,0,0
k-lk,0,2,1,0,11,0.007887626392299289,0,0.004672897196261682,0.004545454545454545,0,0.03021978021978022
k-q,29,13,19,0,0,0.033095392787531326,0.04873949579831933,0.030373831775700934,0.08636363636363636,0,0
k-qu,1,5,1,0,5,0.00632892670825601,0.0016806722689075631,0.011682242990654205,0.004545454545454545,0,0.013736263736263736
k-x,0,0,0,8,0,0.011764705882352941,0,0,0,0.058823529411764705,0
ks-x,0,0,6,55,26,0.6,0,0,1,1,1
kʃ-x,0,0,0,1,0,0.1,0,0,0,0.5,0
kʃ-xi,0,0,0,1,0,0.1,0,0,0,0.5,0
l-l,262,344,611,113,585,0.8974877284462728,1,0.7577092511013216,0.995114006514658,0.8692307692307693,0.8653846153846154
l-ll,0,109,3,17,89,0.10148002694303457,0,0.24008810572687225,0.004885993485342019,0.13076923076923078,0.13165680473372782
l-sl,0,1,0,0,2,0.0010322446106925945,0,0.0022026431718061676,0,0,0.0029585798816568047
m-gm,0,0,0,0,0,0,0,0,0,0,0
m-lm,0,1,0,0,3,0.003186728091244373,0,0.0030581039755351682,0,0,0.012875536480686695
m-m,353,280,84,155,213,0.9540864406557205,1,0.8562691131498471,1,1,0.9141630901287554
m-mb,0,1,0,0,13,0.011770419078368836,0,0.0030581039755351682,0,0,0.055793991416309016
m-mm,0,45,0,0,0,0.027522935779816515,0,0.13761467889908258,0,0,0
m-mn,0,0,0,0,4,0.0034334763948497852,0,0,0,0,0.017167381974248927
m-thm,0,0,0,0,0,0,0,0,0,0,0
n-dn,0,0,0,0,0,0,0,0,0,0,0
n-gn,3,2,0,1,8,0.007559559131611533,0.019230769230769232,0.004366812227074236,0,0.002079002079002079,0.012121212121212121
n-kn,21,2,0,0,0,0.02779643936849177,0.1346153846153846,0.004366812227074236,0,0,0
n-ln,0,0,0,0,0,0,0,0,0,0,0
n-mn,0,0,0,0,0,0,0,0,0,0,0
n-n,131,413,510,480,651,0.9443737397838108,0.8397435897435898,0.9017467248908297,0.99609375,0.997920997920998,0.9863636363636363
n-nn,0,41,2,0,1,0.018988210434034668,0,0.08951965065502183,0.00390625,0,0.0015151515151515152
n-pn,1,0,0,0,0,0.001282051282051282,0.00641025641025641,0,0,0,0
nj-gn,0,1,0,0,0,0.2,0,1,0,0,0
nj-n,0,0,0,0,0,0,0,0,0,0,0
oʊ-aoh,0,0,0,0,1,0.001680672268907563,0,0,0,0,0.008403361344537815
oʊ-au,0,0,0,1,0,0.001176470588235294,0,0,0,0.0058823529411764705,0
oʊ-au_e,0,0,1,0,0,8.298755186721991e-4,0,0,0.004149377593360996,0,0
oʊ-aux,0,0,0,0,0,0,0,0,0,0,0
oʊ-eau,0,0,0,0,2,0.003361344537815126,0,0,0,0,0.01680672268907563
oʊ-eaux,0,0,0,0,0,0,0,0,0,0,0
oʊ-eou,0,0,0,0,0,0,0,0,0,0,0
oʊ-ew,0,0,1,1,0,0.0020063461069074933,0,0,0.004149377593360996,0.0058823529411764705,0
oʊ-o,15,4,54,141,62,0.5655466622710948,0.6818181818181818,0.5714285714285714,0.22406639004149378,0.8294117647058824,0.5210084033613446
oʊ-o_e,0,2,124,0,0,0.16004742145820983,0,0.2857142857142857,0.5145228215767634,0,0
oʊ-oa,4,0,43,9,1,0.08431719122956613,0.18181818181818182,0,0.17842323651452283,0.052941176470588235,0.008403361344537815
oʊ-oa_e,0,0,0,0,0,0,0,0,0,0,0
oʊ-oe,0,0,2,1,6,0.012920255239025073,0,0,0.008298755186721992,0.0058823529411764705,0.05042016806722689
oʊ-oh,0,0,0,0,0,0,0,0,0,0,0
oʊ-oo,0,0,0,0,0,0,0,0,0,0,0
oʊ-os,0,0,0,0,0,0,0,0,0,0,0
oʊ-ot,0,0,0,0,1,0.001680672268907563,0,0,0,0,0.008403361344537815
oʊ-ou,0,0,5,0,0,0.004149377593360996,0,0,0.02074688796680498,0,0
oʊ-ou_e,0,0,1,0,0,8.298755186721991e-4,0,0,0.004149377593360996,0,0
oʊ-ough,0,1,0,1,4,0.036470588235294116,0,0.14285714285714285,0,0.0058823529411764705,0.03361344537815126
oʊ-ow,2,0,10,16,42,0.11589233807442252,0.09090909090909091,0,0.04149377593360996,0.09411764705882353,0.35294117647058826
oʊ-owe,1,0,0,0,0,0.00909090909090909,0.045454545454545456,0,0,0,0
p-bp,0,0,0,0,0,0,0,0,0,0,0
p-gh,0,0,0,0,1,9.389671361502347e-4,0,0,0,0,0.004694835680751174
p-p,510,260,169,50,212,0.9503760405256066,1,0.7878787878787878,0.9883040935672515,0.9803921568627451,0.9953051643192489
p-pp,0,70,2,1,0,0.04868499233824312,0,0.21212121212121213,0.011695906432748537,0.0196078431372549,0
s-c,38,121,3,11,137,0.1528010819929438,0.0407725321888412,0.2071917808219178,0.02027027027027027,0.21153846153846154,0.2842323651452282
s-es,0,0,0,0,4,0.0016597510373443983,0,0,0,0,0.008298755186721992
s-ps,3,0,0,0,0,6.437768240343348e-4,0.003218884120171674,0,0,0,0
s-s,884,373,143,36,206,0.7346212569708661,0.9484978540772532,0.6386986301369864,0.9662162162162162,0.6923076923076923,0.42738589211618255
s-sc,6,5,0,0,0,0.002999882415191957,0.006437768240343348,0.008561643835616438,0,0,0
s-ss,0,68,2,4,131,0.09573183579322384,0,0.11643835616438356,0.013513513513513514,0.07692307692307693,0.2717842323651452
s-st,0,14,0,1,0,0.008640674394099051,0,0.023972602739726026,0,0.019230769230769232,0
s-sw,1,1,0,0,0,5.570580281027691e-4,0.001072961373390558,0.0017123287671232876,0,0,0
s-ts,0,0,0,0,0,0,0,0,0,0,0
s-tz,0,0,0,0,1,4.149377593360996e-4,0,0,0,0,0.002074688796680498
s-z,0,2,0,0,3,0.0019297447848576135,0,0.003424657534246575,0,0,0.006224066390041493
t-bt,0,1,0,0,2,6.989997483362644e-4,0,0.0014727540500736377,0,0,0.0020222446916076846
t-ct,0,0,0,0,0,0,0,0,0,0,0
t-d,0,0,0,0,0,0,0,0,0,0,0
t-dt,0,0,0,0,0,0,0,0,0,0,0
t-ed,0,0,0,0,22,0.004448938321536906,0,0,0,0,0.022244691607684528
t-pt,0,0,2,0,1,0.0013418256087619081,0,0,0.005698005698005698,0,0.0010111223458038423
t-t,351,572,349,92,952,0.9556058376809384,1,0.8424153166421208,0.9943019943019943,0.9787234042553191,0.9625884732052579
t-th,0,0,0,0,0,0,0,0,0,0,0
t-tt,0,106,0,1,12,0.03577673906595842,0,0.1561119293078056,0,0.010638297872340425,0.012133468149646108
t-z,0,0,0,1,0,0.002127659574468085,0,0,0,0.010638297872340425,0
ts-z,0,0,0,0,0,0,0,0,0,0,0
tʃ-c,6,1,0,0,0,0.015091538842157349,0.06382978723404255,0.011627906976744186,0,0,0
tʃ-cc,0,0,0,0,0,0,0,0,0,0,0
tʃ-ch,88,25,2,5,72,0.7280365455367738,0.9361702127659575,0.29069767441860467,1,0.7142857142857143,0.6990291262135923
tʃ-ci,0,0,0,0,0,0,0,0,0,0,0
tʃ-t,0,47,0,0,0,0.10930232558139534,0,0.5465116279069767,0,0,0
tʃ-tch,0,9,0,2,31,0.13826726445827822,0,0.10465116279069768,0,0.2857142857142857,0.30097087378640774
tʃ-ti,0,4,0,0,0,0.009302325581395349,0,0.046511627906976744,0,0,0
u-eu,0,0,0,3,0,0.005,0,0,0,0.025,0
u-eu_e,0,0,1,0,0,0.0010526315789473684,0,0,0.005263157894736842,0,0
u-ew,0,0,5,5,19,0.0769298245614035,0,0,0.02631578947368421,0.041666666666666664,0.31666666666666665
u-ewe,0,0,2,0,0,0.002105263157894737,0,0,0.010526315789473684,0,0
u-ieu,0,0,0,1,0,0.0016666666666666666,0,0,0,0.008333333333333333,0
u-ioux,0,0,0,0,0,0,0,0,0,0,0
u-o,0,0,3,7,6,0.03482456140350877,0,0,0.015789473684210527,0.058333333333333334,0.1
u-o_e,0,0,8,0,0,0.008421052631578947,0,0,0.042105263157894736,0,0
u-oe,0,0,0,3,3,0.015000000000000003,0,0,0,0.025,0.05
u-oo,1,0,102,30,14,0.3040350877192982,0.5,0,0.5368421052631579,0.25,0.23333333333333334
u-oo_e,1,0,10,0,0,0.11052631578947367,0.5,0,0.05263157894736842,0,0
u-ooh,0,0,0,0,0,0,0,0,0,0,0
u-ou,0,0,5,9,1,0.023596491228070175,0,0,0.02631578947368421,0.075,0.016666666666666666
u-ou_e,0,0,1,0,0,0.0010526315789473684,0,0,0.005263157894736842,0,0
u-ough,0,0,0,0,1,0.003333333333333333,0,0,0,0,0.016666666666666666
u-oup,0,0,0,0,0,0,0,0,0,0,0
u-ous,0,0,0,0,0,0,0,0,0,0,0
u-u,0,0,4,57,3,0.10921052631578947,0,0,0.021052631578947368,0.475,0.05
u-u_e,0,0,35,0,0,0.03684210526315789,0,0,0.18421052631578946,0,0
u-ua,0,0,1,0,0,0.0010526315789473684,0,0,0.005263157894736842,0,0
u-ue,0,0,3,2,12,0.04649122807017544,0,0,0.015789473684210527,0.016666666666666666,0.2
u-ui,0,0,7,3,0,0.012368421052631579,0,0,0.03684210526315789,0.025,0
u-ui_e,0,0,3,0,0,0.003157894736842105,0,0,0.015789473684210527,0,0
u-wo,0,0,0,0,1,0.003333333333333333,0,0,0,0,0.016666666666666666
v-f,0,0,0,0,1,0.0017241379310344827,0,0,0,0,0.008620689655172414
v-lv,0,0,0,0,3,0.005172413793103448,0,0,0,0,0.02586206896551724
v-ph,0,0,0,0,0,0,0,0,0,0,0
v-v,93,224,16,22,112,0.993103448275862,1,1,1,1,0.9655172413793104
v-vv,0,0,0,0,0,0,0,0,0,0,0
w-ju,0,1,0,0,0,0.003125,0,0.015625,0,0,0
w-o,3,4,1,0,0,0.016368227731864096,0.012396694214876033,0.0625,0.006944444444444444,0,0
w-ou,0,0,0,0,0,0,0,0,0,0,0
w-u,0,4,74,0,0,0.11527777777777777,0,0.0625,0.5138888888888888,0,0
w-w,204,49,68,0,0,0.41616448576675846,0.8429752066115702,0.765625,0.4722222222222222,0,0
w-wh,35,6,1,0,0,0.04906450872359963,0.1446280991735537,0.09375,0.006944444444444444,0,0
z-cs,0,0,0,0,0,0,0,0,0,0,0
z-cz,0,0,0,0,0,0,0,0,0,0,0
z-ds,0,0,0,0,0,0,0,0,0,0,0
z-es,0,0,0,2,20,0.03538461538461539,0,0,0,0.1,0.07692307692307693
z-s,0,97,5,15,197,0.6411068068622026,0,0.697841726618705,1,0.75,0.7576923076923077
z-si,0,0,0,2,0,0.02,0,0,0,0.1,0
z-ss,0,4,0,0,0,0.0057553956834532375,0,0.02877697841726619,0,0,0
z-ts,0,0,0,0,0,0,0,0,0,0,0
z-tz,0,0,0,0,0,0,0,0,0,0,0
z-x,0,1,0,0,0,0.0014388489208633094,0,0.007194244604316547,0,0,0
z-z,14,27,0,0,39,0.26884892086330936,1,0.19424460431654678,0,0,0.15
z-zz,0,10,0,1,4,0.027465412285556167,0,0.07194244604316546,0,0.05,0.015384615384615385
æ-a,115,13,522,278,0,0.7666934599926927,0.9663865546218487,0.9285714285714286,0.9456521739130435,0.9928571428571429,0
æ-a_e,2,1,27,0,0,0.027429667519181584,0.01680672268907563,0.07142857142857142,0.04891304347826087,0,0
æ-aha,0,0,0,0,0,0,0,0,0,0,0
æ-ai,0,0,1,0,0,3.6231884057971015e-4,0,0,0.0018115942028985507,0,0
æ-au,2,0,2,1,0,0.00480026793326026,0.01680672268907563,0,0.0036231884057971015,0.0035714285714285713,0
æ-ea,0,0,0,1,0,7.142857142857143e-4,0,0,0,0.0035714285714285713,0
æ-eah,0,0,0,0,0,0,0,0,0,0,0
æ-i_e,0,0,0,0,0,0,0,0,0,0,0
ð-th,17,39,4,2,7,1,1,1,1,1,1
ŋ-n,0,0,63,62,0,0.32051282051282054,0,0,0.8076923076923077,0.7948717948717948,0
ŋ-nd,0,0,0,1,0,0.002564102564102564,0,0,0,0.01282051282051282,0
ŋ-ng,0,0,15,15,236,0.27607919506653683,0,0,0.19230769230769232,0.19230769230769232,0.9957805907172996
ŋ-ngu,0,0,0,0,1,8.438818565400843e-4,0,0,0,0,0.004219409282700422
ɑ-a,24,3,199,35,4,0.4173207725144472,0.39344262295081966,0.42857142857142855,0.44026548672566373,0.15765765765765766,0.6666666666666666
ɑ-a_e,1,0,15,0,0,0.009915856666183085,0.01639344262295082,0,0.033185840707964605,0,0
ɑ-aa,1,0,0,0,0,0.003278688524590164,0.01639344262295082,0,0,0,0
ɑ-aah,0,0,0,0,0,0,0,0,0,0,0
ɑ-ach,0,0,1,0,0,4.424778761061947e-4,0,0,0.0022123893805309734,0,0
ɑ-ah,0,0,0,0,0,0,0,0,0,0,0
ɑ-au,5,0,3,4,0,0.021324479854873006,0.08196721311475409,0,0.00663716814159292,0.018018018018018018,0
ɑ-au_e,0,0,1,0,0,4.424778761061947e-4,0,0,0.0022123893805309734,0,0
ɑ-aw,0,0,0,2,2,0.06846846846846846,0,0,0,0.009009009009009009,0.3333333333333333
ɑ-e,0,0,1,0,0,4.424778761061947e-4,0,0,0.0022123893805309734,0,0
ɑ-ea,0,0,5,0,0,0.0022123893805309734,0,0,0.011061946902654867,0,0
ɑ-ho,4,0,0,2,0,0.01491655590016246,0.06557377049180328,0,0,0.009009009009009009,0
ɑ-i,0,0,0,0,0,0,0,0,0,0,0
ɑ-i_e,0,0,0,0,0,0,0,0,0,0,0
ɑ-o,22,4,217,177,0,0.4418940204012016,0.36065573770491804,0.5714285714285714,0.48008849557522126,0.7972972972972973,0
ɑ-o_e,1,0,10,0,0,0.00770346728565211,0.01639344262295082,0,0.022123893805309734,0,0
ɑ-oh,0,0,0,0,0,0,0,0,0,0,0
ɑ-ou,3,0,0,0,0,0.009836065573770491,0.04918032786885246,0,0,0,0
ɑ-ow,0,0,0,2,0,0.0018018018018018018,0,0,0,0.009009009009009009,0
ɔ-a,6,0,62,7,0,0.08127167884254907,0.11764705882352941,0,0.16802168021680217,0.1206896551724138,0
ɔ-a_e,0,0,0,0,0,0,0,0,0,0,0
ɔ-ao,0,0,1,0,0,5.420054200542005e-4,0,0,0.0027100271002710027,0,0
ɔ-au,12,0,13,4,0,0.06789799743839224,0.23529411764705882,0,0.03523035230352303,0.06896551724137931,0
ɔ-au_e,0,0,9,0,0,0.004878048780487805,0,0,0.024390243902439025,0,0
ɔ-augh,0,0,2,4,0,0.014877114288384263,0,0,0.005420054200542005,0.06896551724137931,0
ɔ-aw,2,0,15,6,19,0.23666287372812875,0.0392156862745098,0,0.04065040650406504,0.10344827586206896,1
ɔ-awe,1,0,2,0,0,0.005005579467559381,0.0196078431372549,0,0.005420054200542005,0,0
ɔ-eo,0,0,0,0,0,0,0,0,0,0,0
ɔ-eo_e,0,0,0,0,0,0,0,0,0,0,0
ɔ-hau,0,2,0,0,0,0.13333333333333333,0,0.6666666666666666,0,0,0
ɔ-o,26,1,177,36,0,0.3887003413644684,0.5098039215686274,0.3333333333333333,0.4796747967479675,0.6206896551724138,0
ɔ-o_e,2,0,41,0,0,0.03006535947712418,0.0392156862745098,0,0.1111111111111111,0,0
ɔ-oa,1,0,11,0,0,0.009883628248047185,0.0196078431372549,0,0.02981029810298103,0,0
ɔ-oa_e,0,0,2,0,0,0.001084010840108401,0,0,0.005420054200542005,0,0
ɔ-oo,0,0,12,1,0,0.009952340902719372,0,0,0.032520325203252036,0.017241379310344827,0
ɔ-oo_e,0,0,0,0,0,0,0,0,0,0,0
ɔ-ou,0,0,14,0,0,0.007588075880758808,0,0,0.037940379403794036,0,0
ɔ-ou_e,0,0,2,0,0,0.001084010840108401,0,0,0.005420054200542005,0,0
ɔ-ough,1,0,6,0,0,0.0071736011477761845,0.0196078431372549,0,0.016260162601626018,0,0
ɔɪ-awy,0,0,0,0,0,0,0,0,0,0,0
ɔɪ-eu,0,0,0,0,0,0,0,0,0,0,0
ɔɪ-oi,3,0,26,5,0,0.37916666666666665,0.75,0,0.8125,0.3333333333333333,0
ɔɪ-oi_e,0,0,5,0,0,0.03125,0,0,0.15625,0,0
ɔɪ-oy,1,0,0,10,12,0.3833333333333333,0.25,0,0,0.6666666666666666,1
ɔɪ-oy_e,0,0,1,0,0,0.00625,0,0,0.03125,0,0
ɔɪ-oye,0,0,0,0,0,0,0,0,0,0,0
ə-_e,0,2,201,0,0,0.035509803921568626,0,0.013333333333333334,0.1642156862745098,0,0
ə-a,157,53,174,170,75,0.5241016166338779,0.8820224719101124,0.35333333333333333,0.14215686274509803,0.2814569536423841,0.9615384615384616
ə-a_e,0,7,29,0,0,0.0140718954248366,0,0.04666666666666667,0.02369281045751634,0,0
ə-ae,0,0,0,0,0,0,0,0,0,0,0
ə-ah,0,0,0,0,1,0.002564102564102564,0,0,0,0,0.01282051282051282
ə-ai,0,0,9,0,0,0.0014705882352941176,0,0,0.007352941176470588,0,0
ə-au,1,0,0,0,0,0.0011235955056179774,0.0056179775280898875,0,0,0,0
ə-au_e,0,0,1,0,0,1.6339869281045753e-4,0,0,8.169934640522876e-4,0,0
ə-e,6,25,333,97,1,0.12916997893503934,0.033707865168539325,0.16666666666666666,0.27205882352941174,0.1605960264900662,0.01282051282051282
ə-e_e,0,9,22,0,0,0.015594771241830063,0,0.06,0.017973856209150325,0,0
ə-ea,0,0,3,0,0,4.901960784313725e-4,0,0,0.0024509803921568627,0,0
ə-ea_e,0,0,1,0,0,1.6339869281045753e-4,0,0,8.169934640522876e-4,0,0
ə-ei,0,0,1,0,0,1.6339869281045753e-4,0,0,8.169934640522876e-4,0,0
ə-eo,0,0,4,0,0,6.535947712418301e-4,0,0,0.0032679738562091504,0,0
ə-eou,0,0,2,0,0,3.2679738562091506e-4,0,0,0.0016339869281045752,0,0
ə-ha,0,0,0,0,0,0,0,0,0,0,0
ə-he,0,0,0,0,0,0,0,0,0,0,0
ə-hi,0,0,0,0,0,0,0,0,0,0,0
ə-ho,0,0,0,1,0,3.3112582781456954e-4,0,0,0,0.0016556291390728477,0
ə-i,0,4,42,140,0,0.058553694325412284,0,0.02666666666666667,0.03431372549019608,0.23178807947019867,0
ə-i_e,0,0,17,0,0,0.0027777777777777775,0,0,0.013888888888888888,0,0
ə-ia,0,0,0,2,1,0.003226354219731703,0,0,0,0.0033112582781456954,0.01282051282051282
ə-ia_e,0,0,0,0,0,0,0,0,0,0,0
ə-ie,0,0,6,0,0,9.80392156862745e-4,0,0,0.004901960784313725,0,0
ə-o,13,20,258,158,0,0.1357481517795004,0.07303370786516854,0.13333333333333333,0.2107843137254902,0.26158940397350994,0
ə-o_e,0,0,6,0,0,9.80392156862745e-4,0,0,0.004901960784313725,0,0
ə-oi,0,0,0,1,0,3.3112582781456954e-4,0,0,0,0.0016556291390728477,0
ə-oi_e,0,0,1,0,0,1.6339869281045753e-4,0,0,8.169934640522876e-4,0,0
ə-on,0,0,0,1,0,3.3112582781456954e-4,0,0,0,0.0016556291390728477,0
ə-ou,0,15,16,4,0,0.0239388823962256,0,0.1,0.013071895424836602,0.006622516556291391,0
ə-u,1,15,91,25,0,0.04427102224673385,0.0056179775280898875,0.1,0.07434640522875817,0.041390728476821195,0
ə-u_e,0,0,4,0,0,6.535947712418301e-4,0,0,0.0032679738562091504,0,0
ə-ua,0,0,0,2,0,6.622516556291391e-4,0,0,0,0.0033112582781456954,0
ə-ui,0,0,2,0,0,3.2679738562091506e-4,0,0,0.0016339869281045752,0,0
ə-y,0,0,1,3,0,0.0011567761762541662,0,0,8.169934640522876e-4,0.004966887417218543,0
ɚ-_e,0,0,2,0,0,3.6563071297989033e-4,0,0,0.0018281535648994515,0,0
ɚ-a,0,4,63,0,0,0.02606282200432109,0,0.07272727272727272,0.05758683729433273,0,0
ɚ-a_e,0,0,0,0,0,0,0,0,0,0,0
ɚ-au,0,0,1,0,0,1.8281535648994517e-4,0,0,9.140767824497258e-4,0,0
ɚ-e,0,39,658,0,0,0.2621106863885657,0,0.7090909090909091,0.6014625228519196,0,0
ɚ-e_e,0,0,14,0,0,0.002559414990859232,0,0,0.012797074954296161,0,0
ɚ-ea,8,0,11,0,0,0.09612861598021293,0.47058823529411764,0,0.010054844606946984,0,0
ɚ-ea_e,0,0,2,0,0,3.6563071297989033e-4,0,0,0.0018281535648994515,0,0
ɚ-eu,0,0,4,0,0,7.312614259597807e-4,0,0,0.003656307129798903,0,0
ɚ-he,1,0,1,0,0,0.011947521238842886,0.058823529411764705,0,9.140767824497258e-4,0,0
ɚ-i,0,0,58,0,0,0.010603290676416818,0,0,0.05301645338208409,0,0
ɚ-i_e,0,0,0,0,0,0,0,0,0,0,0
ɚ-o,2,4,124,0,0,0.06074397051491363,0.11764705882352941,0.07272727272727272,0.113345521023766,0,0
ɚ-o_e,0,0,2,0,0,3.6563071297989033e-4,0,0,0.0018281535648994515,0,0
ɚ-oa,0,0,1,0,0,1.8281535648994517e-4,0,0,9.140767824497258e-4,0,0
ɚ-ou,0,0,15,0,0,0.002742230347349177,0,0,0.013711151736745886,0,0
ɚ-ou_e,0,0,0,0,0,0,0,0,0,0,0
ɚ-r,0,0,0,0,0,0,0,0,0,0,0
ɚ-u,5,8,86,0,0,0.10363655916080908,0.29411764705882354,0.14545454545454545,0.07861060329067641,0,0
ɚ-u_e,1,0,49,0,0,0.020722658350360253,0.058823529411764705,0,0.044789762340036565,0,0
ɚ-y,0,0,3,0,0,5.484460694698354e-4,0,0,0.002742230347349177,0,0
ɛ-a,9,1,1,61,0,0.06901060548212075,0.0743801652892562,0.1,0.001697792869269949,0.16897506925207756,0
ɛ-a_e,0,0,33,0,0,0.011205432937181663,0,0,0.05602716468590832,0,0
ɛ-aa,0,0,0,0,0,0,0,0,0,0,0
ɛ-ae,1,0,0,0,0,0.001652892561983471,0.008264462809917356,0,0,0,0
ɛ-ah,0,0,0,0,0,0,0,0,0,0,0
ɛ-ai,6,0,23,5,0,0.02049728567303567,0.049586776859504134,0,0.03904923599320883,0.013850415512465374,0
ɛ-ai_e,0,0,1,0,0,3.3955857385398983e-4,0,0,0.001697792869269949,0,0
ɛ-ay,0,0,0,0,0,0,0,0,0,0,0
ɛ-aye,0,0,1,0,0,3.3955857385398983e-4,0,0,0.001697792869269949,0,0
ɛ-e,95,8,430,259,0,0.6065252848547866,0.7851239669421488,0.8,0.7300509337860781,0.7174515235457064,0
ɛ-e_e,9,1,43,0,0,0.0494770517335728,0.0743801652892562,0.1,0.0730050933786078,0,0
ɛ-ea,0,0,49,29,0,0.03270485211330533,0,0,0.0831918505942275,0.08033240997229917,0
ɛ-ea_e,0,0,1,0,0,3.3955857385398983e-4,0,0,0.001697792869269949,0,0
ɛ-eh,0,0,0,0,0,0,0,0,0,0,0
ɛ-ei,0,0,2,2,0,0.0017871503887052094,0,0,0.003395585738539898,0.00554016620498615,0
ɛ-eo,0,0,0,2,0,0.00110803324099723,0,0,0,0.00554016620498615,0
ɛ-hei,1,0,0,0,0,0.001652892561983471,0.008264462809917356,0,0,0,0
ɛ-ie,0,0,5,0,0,0.001697792869269949,0,0,0.008488964346349746,0,0
ɛ-u,0,0,0,3,0,0.001662049861495845,0,0,0,0.008310249307479225,0
ɪ-a,0,1,1,1,0,0.0045072196620583715,0,0.02,0.001,0.0015360983102918587,0
ɪ-a_e,0,10,30,0,0,0.046,0,0.2,0.03,0,0
ɪ-e,74,0,68,189,0,0.14566451612903225,0.37,0,0.068,0.2903225806451613,0
ɪ-e_e,0,0,10,0,0,0.002,0,0,0.01,0,0
ɪ-ea,2,0,24,4,0,0.008028878648233487,0.01,0,0.024,0.006144393241167435,0
ɪ-ee,0,0,16,1,0,0.0035072196620583715,0,0,0.016,0.0015360983102918587,0
ɪ-ei,0,0,3,0,0,6.000000000000001e-4,0,0,0.003,0,0
ɪ-eo,0,0,0,1,0,3.0721966205837174e-4,0,0,0,0.0015360983102918587,0
ɪ-hi,0,1,0,11,0,0.00737941628264209,0,0.02,0,0.016897081413210446,0
ɪ-i,124,36,745,425,0,0.5475683563748079,0.62,0.72,0.745,0.65284178187404,0
ɪ-i_e,0,2,72,0,0,0.022399999999999996,0,0.04,0.072,0,0
ɪ-ia,0,0,0,0,0,0,0,0,0,0,0
ɪ-ia_e,0,0,3,0,0,6.000000000000001e-4,0,0,0.003,0,0
ɪ-ie,0,0,4,0,0,8e-4,0,0,0.004,0,0
ɪ-ie_e,0,0,3,0,0,6.000000000000001e-4,0,0,0.003,0,0
ɪ-o,0,0,0,1,0,3.0721966205837174e-4,0,0,0,0.0015360983102918587,0
ɪ-u,0,0,3,1,0,9.072196620583718e-4,0,0,0.003,0.0015360983102918587,0
ɪ-ui,0,0,6,2,0,0.0018144393241167436,0,0,0.006,0.0030721966205837174,0
ɪ-y,0,0,12,15,0,0.007008294930875576,0,0,0.012,0.02304147465437788,0
ɹ-lo,0,0,0,1,0,3.5087719298245617e-4,0,0,0,0.0017543859649122807,0
ɹ-o,0,0,0,0,0,0,0,0,0,0,0
ɹ-or,0,0,1,0,0,1.5772870662460566e-4,0,0,7.886435331230284e-4,0,0
ɹ-r,332,236,1265,560,800,0.9290823769948691,0.9222222222222223,0.7468354430379747,0.9976340694006309,0.9824561403508771,0.9962640099626401
ɹ-ra,0,0,0,1,0,3.5087719298245617e-4,0,0,0,0.0017543859649122807,0
ɹ-rh,4,0,0,0,0,0.0022222222222222222,0.011111111111111112,0,0,0,0
ɹ-ro,0,0,1,0,0,1.5772870662460566e-4,0,0,7.886435331230284e-4,0,0
ɹ-rps,0,0,0,0,0,0,0,0,0,0,0
ɹ-rr,0,77,0,8,2,0.05203932676403085,0,0.24367088607594936,0,0.014035087719298246,0.0024906600249066002
ɹ-rrh,0,0,0,0,1,2.4906600249066e-4,0,0,0,0,0.0012453300124533001
ɹ-rt,0,0,0,0,0,0,0,0,0,0,0
ɹ-wr,24,3,1,0,0,0.015389796217173127,0.06666666666666667,0.00949367088607595,7.886435331230284e-4,0,0
ʃ-c,0,5,0,2,0,0.03757062146892655,0,0.0211864406779661,0,0.16666666666666666,0
ʃ-ch,7,4,0,0,2,0.021235847419912045,0.06542056074766354,0.01694915254237288,0,0,0.023809523809523808
ʃ-chs,0,0,0,0,0,0,0,0,0,0,0
ʃ-ci,0,18,0,0,0,0.015254237288135594,0,0.07627118644067797,0,0,0
ʃ-s,2,3,0,0,0,0.0062806906383652775,0.018691588785046728,0.012711864406779662,0,0,0
ʃ-sc,0,0,0,0,0,0,0,0,0,0,0
ʃ-sch,0,0,0,0,0,0,0,0,0,0,0
ʃ-sci,0,1,0,0,0,8.47457627118644e-4,0,0.00423728813559322,0,0,0
ʃ-sh,98,48,4,10,82,0.7857602980999148,0.9158878504672897,0.2033898305084746,1,0.8333333333333334,0.9761904761904762
ʃ-shh,0,0,0,0,0,0,0,0,0,0,0
ʃ-shi,0,2,0,0,0,0.001694915254237288,0,0.00847457627118644,0,0,0
ʃ-si,0,3,0,0,0,0.0025423728813559325,0,0.012711864406779662,0,0,0
ʃ-ss,0,5,0,0,0,0.00423728813559322,0,0.0211864406779661,0,0,0
ʃ-ssi,0,12,0,0,0,0.01016949152542373,0,0.05084745762711865,0,0,0
ʃ-t,0,6,0,0,0,0.005084745762711865,0,0.025423728813559324,0,0,0
ʃ-ti,0,129,0,0,0,0.10932203389830508,0,0.5466101694915254,0,0,0
ʃ-xi,0,0,0,0,0,0,0,0,0,0,0
ʊ-eu,0,0,0,0,0,0,0,0,0,0,0
ʊ-o,0,0,3,1,0,0.013118279569892472,0,0,0.03225806451612903,0.03333333333333333,0
ʊ-oo,0,0,51,11,0,0.18301075268817205,0,0,0.5483870967741935,0.36666666666666664,0
ʊ-ou,0,0,5,2,0,0.024086021505376344,0,0,0.053763440860215055,0.06666666666666667,0
ʊ-ow,0,0,0,0,1,0.2,0,0,0,0,1
ʊ-u,0,0,28,16,0,0.16688172043010754,0,0,0.3010752688172043,0.5333333333333333,0
ʊ-u_e,0,0,6,0,0,0.012903225806451613,0,0,0.06451612903225806,0,0
ʊ-uo,0,0,0,0,0,0,0,0,0,0,0
ʌ-_e,0,0,7,0,0,0.003365384615384615,0,0,0.016826923076923076,0,0
ʌ-a,0,0,2,1,0,0.002104395604395604,0,0,0.004807692307692308,0.005714285714285714,0
ʌ-au_e,0,0,1,0,0,4.807692307692308e-4,0,0,0.002403846153846154,0,0
ʌ-o,6,0,26,40,0,0.07340415913200724,0.0759493670886076,0,0.0625,0.22857142857142856,0
ʌ-o_e,0,0,23,0,0,0.011057692307692307,0,0,0.055288461538461536,0,0
ʌ-oe,0,0,1,0,0,4.807692307692308e-4,0,0,0.002403846153846154,0,0
ʌ-oo,0,0,2,1,0,0.002104395604395604,0,0,0.004807692307692308,0.005714285714285714,0
ʌ-ou,0,0,9,8,0,0.013469780219780219,0,0,0.021634615384615384,0.045714285714285714,0
ʌ-u,73,1,333,125,0,0.6877634232855752,0.9240506329113924,1,0.8004807692307693,0.7142857142857143,0
ʌ-u_e,0,0,12,0,0,0.0057692307692307696,0,0,0.028846153846153848,0,0
ʌ-uh,0,0,0,0,0,0,0,0,0,0,0
ʒ-g,0,0,0,0,3,0.2,0,0,0,0,1
ʒ-j,0,0,0,0,0,0,0,0,0,0,0
ʒ-s,0,11,0,2,0,0.3157894736842105,0,0.5789473684210527,0,1,0
ʒ-si,0,7,0,0,0,0.07368421052631578,0,0.3684210526315789,0,0,0
ʒ-ti,0,0,0,0,0,0,0,0,0,0,0
ʒ-z,0,1,0,0,0,0.010526315789473684,0,0.05263157894736842,0,0,0
θ-th,61,28,0,19,56,0.8,1,1,0,1,1
θ-tth,0,0,0,0,0,0,0,0,0,0,0
