"","X.1","X","phoneme","grapheme","wi","si","sm","sf","wf","total","wi_freq","si_freq","sm_freq","sf_freq","wf_freq","freq"
"1",1,1,"æ","a",1,0,6,2,0,9,0.301029995663981,NA,Inf,Inf,NA,1
"2",2,2,"æ","a_e",0,0,0,0,0,0,NA,NA,NA,NA,NA,NA
"3",3,3,"æ","aha",0,0,0,0,0,0,NA,NA,NA,NA,NA,NA
"4",4,4,"æ","ai",0,0,0,0,0,0,NA,NA,NA,NA,NA,NA
"5",5,5,"æ","au",0,0,0,0,0,0,NA,NA,NA,NA,NA,NA
"6",6,6,"æ","ea",0,0,0,0,0,0,NA,NA,NA,NA,NA,NA
"7",7,7,"æ","eah",0,0,0,0,0,0,NA,NA,NA,NA,NA,NA
"8",8,8,"æ","i_e",0,0,0,0,0,0,NA,NA,NA,NA,NA,NA
"9",9,9,"ʌ","_e",0,0,2,0,0,2,NA,NA,Inf,NA,NA,Inf
"10",10,10,"ʌ","a",0,0,0,0,0,0,NA,NA,NA,NA,NA,NA
"11",11,11,"ʌ","au_e",0,0,0,0,0,0,NA,NA,NA,NA,NA,NA
"12",12,12,"ʌ","o",0,0,0,1,0,1,NA,NA,NA,Inf,NA,Inf
"13",13,13,"ʌ","o_e",0,0,0,0,0,0,NA,NA,NA,NA,NA,NA
"14",14,14,"ʌ","oe",0,0,0,0,0,0,NA,NA,NA,NA,NA,NA
"15",15,15,"ʌ","oo",0,0,0,0,0,0,NA,NA,NA,NA,NA,NA
"16",16,16,"ʌ","ou",0,0,0,0,0,0,NA,NA,NA,NA,NA,NA
"17",17,17,"ʌ","u",0,0,0,0,0,0,NA,NA,NA,NA,NA,NA
"18",18,18,"ʌ","u_e",0,0,0,0,0,0,NA,NA,NA,NA,NA,NA
"19",19,19,"ʌ","uh",0,0,0,0,0,0,NA,NA,NA,NA,NA,NA
"20",20,20,"ɪ","a",0,0,0,0,0,0,NA,NA,NA,NA,NA,NA
"21",21,21,"ɪ","a_e",0,0,0,0,0,0,NA,NA,NA,NA,NA,NA
"22",22,22,"ɪ","e",0,0,0,0,0,0,NA,NA,NA,NA,NA,NA
"23",23,23,"ɪ","e_e",0,0,0,0,0,0,NA,NA,NA,NA,NA,NA
"24",24,24,"ɪ","ea",0,0,0,0,0,0,NA,NA,NA,NA,NA,NA
"25",25,25,"ɪ","ee",0,0,0,0,0,0,NA,NA,NA,NA,NA,NA
"26",26,26,"ɪ","ei",0,0,0,0,0,0,NA,NA,NA,NA,NA,NA
"27",27,27,"ɪ","eo",0,0,0,0,0,0,NA,NA,NA,NA,NA,NA
"28",28,28,"ɪ","hi",0,0,0,0,0,0,NA,NA,NA,NA,NA,NA
"29",29,29,"ɪ","i",0,0,2,2,0,4,NA,NA,Inf,Inf,NA,Inf
"30",30,30,"ɪ","i_e",0,0,0,0,0,0,NA,NA,NA,NA,NA,NA
"31",31,31,"ɪ","ia",0,0,0,0,0,0,NA,NA,NA,NA,NA,NA
"32",32,32,"ɪ","ia_e",0,0,0,0,0,0,NA,NA,NA,NA,NA,NA
"33",33,33,"ɪ","ie",0,0,0,0,0,0,NA,NA,NA,NA,NA,NA
"34",34,34,"ɪ","ie_e",0,0,0,0,0,0,NA,NA,NA,NA,NA,NA
"35",35,35,"ɪ","o",0,0,0,0,0,0,NA,NA,NA,NA,NA,NA
"36",36,36,"ɪ","u",0,0,0,0,0,0,NA,NA,NA,NA,NA,NA
"37",37,37,"ɪ","ui",0,0,0,0,0,0,NA,NA,NA,NA,NA,NA
"38",38,38,"ɪ","y",0,0,0,0,0,0,NA,NA,NA,NA,NA,NA
"39",39,39,"ɔɪ","awy",0,0,0,0,0,0,NA,NA,NA,NA,NA,NA
"40",40,40,"ɔɪ","eu",0,0,0,0,0,0,NA,NA,NA,NA,NA,NA
"41",41,41,"ɔɪ","oi",0,0,0,0,0,0,NA,NA,NA,NA,NA,NA
"42",42,42,"ɔɪ","oi_e",0,0,0,0,0,0,NA,NA,NA,NA,NA,NA
"43",43,43,"ɔɪ","oy",0,0,0,0,2,2,NA,NA,NA,NA,Inf,Inf
"44",44,44,"ɔɪ","oy_e",0,0,0,0,0,0,NA,NA,NA,NA,NA,NA
"45",45,45,"ɔɪ","oye",0,0,0,0,0,0,NA,NA,NA,NA,NA,NA
"46",46,46,"ɚ","_e",0,0,0,0,0,0,NA,NA,NA,NA,NA,NA
"47",47,47,"ɚ","a",0,0,0,0,0,0,NA,NA,NA,NA,NA,NA
"48",48,48,"ɚ","a_e",0,0,0,0,0,0,NA,NA,NA,NA,NA,NA
"49",49,49,"ɚ","au",0,0,0,0,0,0,NA,NA,NA,NA,NA,NA
"50",50,50,"ɚ","e",0,0,3,0,0,3,NA,NA,Inf,NA,NA,Inf
"51",51,51,"ɚ","e_e",0,0,0,0,0,0,NA,NA,NA,NA,NA,NA
"52",52,52,"ɚ","ea",0,0,0,0,0,0,NA,NA,NA,NA,NA,NA
"53",53,53,"ɚ","ea_e",0,0,0,0,0,0,NA,NA,NA,NA,NA,NA
"54",54,54,"ɚ","eu",0,0,0,0,0,0,NA,NA,NA,NA,NA,NA
"55",55,55,"ɚ","he",0,0,0,0,0,0,NA,NA,NA,NA,NA,NA
"56",56,56,"ɚ","i",0,0,1,0,0,1,NA,NA,Inf,NA,NA,Inf
"57",57,57,"ɚ","i_e",0,0,0,0,0,0,NA,NA,NA,NA,NA,NA
"58",58,58,"ɚ","o",0,0,1,0,0,1,NA,NA,Inf,NA,NA,Inf
"59",59,59,"ɚ","o_e",0,0,1,0,0,1,NA,NA,Inf,NA,NA,Inf
"60",60,60,"ɚ","oa",0,0,0,0,0,0,NA,NA,NA,NA,NA,NA
"61",61,61,"ɚ","ou",0,0,0,0,0,0,NA,NA,NA,NA,NA,NA
"62",62,62,"ɚ","ou_e",0,0,0,0,0,0,NA,NA,NA,NA,NA,NA
"63",63,63,"ɚ","r",0,0,0,0,0,0,NA,NA,NA,NA,NA,NA
"64",64,64,"ɚ","u",0,0,0,0,0,0,NA,NA,NA,NA,NA,NA
"65",65,65,"ɚ","u_e",0,0,0,0,0,0,NA,NA,NA,NA,NA,NA
"66",66,66,"ɚ","y",0,0,0,0,0,0,NA,NA,NA,NA,NA,NA
"67",67,67,"aɪ","a",0,0,0,0,0,0,NA,NA,NA,NA,NA,NA
"68",68,68,"aɪ","ae",0,0,0,0,0,0,NA,NA,NA,NA,NA,NA
"69",69,69,"aɪ","ai",0,0,0,0,0,0,NA,NA,NA,NA,NA,NA
"70",70,70,"aɪ","ai_e",0,0,0,0,0,0,NA,NA,NA,NA,NA,NA
"71",71,71,"aɪ","ay",0,0,0,0,0,0,NA,NA,NA,NA,NA,NA
"72",72,72,"aɪ","aye",0,0,0,0,0,0,NA,NA,NA,NA,NA,NA
"73",73,73,"aɪ","ei",0,0,0,0,0,0,NA,NA,NA,NA,NA,NA
"74",74,74,"aɪ","eigh",0,0,0,0,0,0,NA,NA,NA,NA,NA,NA
"75",75,75,"aɪ","ey",0,0,0,0,0,0,NA,NA,NA,NA,NA,NA
"76",76,76,"aɪ","eye",0,0,0,0,0,0,NA,NA,NA,NA,NA,NA
"77",77,77,"aɪ","i",0,0,0,0,0,0,NA,NA,NA,NA,NA,NA
"78",78,78,"aɪ","i_e",0,0,0,0,0,0,NA,NA,NA,NA,NA,NA
"79",79,79,"aɪ","ia",0,0,0,0,0,0,NA,NA,NA,NA,NA,NA
"80",80,80,"aɪ","ie",0,0,0,0,0,0,NA,NA,NA,NA,NA,NA
"81",81,81,"aɪ","igh",0,0,0,0,0,0,NA,NA,NA,NA,NA,NA
"82",82,82,"aɪ","igh_e",0,0,0,0,0,0,NA,NA,NA,NA,NA,NA
"83",83,83,"aɪ","oy",0,0,0,0,0,0,NA,NA,NA,NA,NA,NA
"84",84,84,"aɪ","uy",0,0,0,0,0,0,NA,NA,NA,NA,NA,NA
"85",85,85,"aɪ","y",0,0,0,0,2,2,NA,NA,NA,NA,Inf,Inf
"86",86,86,"aɪ","y_e",0,0,0,0,0,0,NA,NA,NA,NA,NA,NA
"87",87,87,"aɪ","ye",0,0,0,0,1,1,NA,NA,NA,NA,Inf,Inf
"88",88,88,"eɪ","a",0,0,0,0,0,0,0,NA,NA,NA,NA,0
"89",89,89,"eɪ","a_e",1,0,0,0,0,1,Inf,NA,NA,NA,NA,Inf
"90",90,90,"eɪ","ae",0,0,0,0,0,0,NA,NA,NA,NA,NA,NA
"91",91,91,"eɪ","ai",0,0,0,0,0,0,NA,NA,NA,NA,NA,NA
"92",92,92,"eɪ","ai_e",0,0,0,0,0,0,NA,NA,NA,NA,NA,NA
"93",93,93,"eɪ","aigh",0,0,0,0,0,0,NA,NA,NA,NA,NA,NA
"94",94,94,"eɪ","au_e",0,0,0,0,0,0,NA,NA,NA,NA,NA,NA
"95",95,95,"eɪ","ay",0,0,0,0,1,1,NA,NA,NA,NA,Inf,Inf
"96",96,96,"eɪ","ay_e",0,0,0,0,0,0,NA,NA,NA,NA,NA,NA
"97",97,97,"eɪ","aye",0,0,0,0,0,0,NA,NA,NA,NA,NA,NA
"98",98,98,"eɪ","e",0,0,0,0,0,0,NA,NA,NA,NA,NA,NA
"99",99,99,"eɪ","e_e",0,0,0,0,0,0,NA,NA,NA,NA,NA,NA
"100",100,100,"eɪ","ea",0,0,0,0,0,0,NA,NA,NA,NA,NA,NA
"101",101,101,"eɪ","ee",0,0,0,0,0,0,NA,NA,NA,NA,NA,NA
"102",102,102,"eɪ","ei",0,0,0,0,0,0,NA,NA,NA,NA,NA,NA
"103",103,103,"eɪ","ei_e",0,0,0,0,0,0,NA,NA,NA,NA,NA,NA
"104",104,104,"eɪ","eigh",0,0,0,0,0,0,NA,NA,NA,NA,NA,NA
"105",105,105,"eɪ","et",0,0,0,0,0,0,NA,NA,NA,NA,NA,NA
"106",106,106,"eɪ","ey",0,0,0,0,0,0,NA,NA,NA,NA,NA,NA
"107",107,107,"eɪ","ez",0,0,0,0,0,0,NA,NA,NA,NA,NA,NA
"108",108,108,"ɑ","a",0,0,1,1,2,4,NA,NA,Inf,0.301029995663981,Inf,0.698970004336019
"109",109,109,"ɑ","a_e",0,0,0,0,0,0,NA,NA,NA,NA,NA,NA
"110",110,110,"ɑ","aa",0,0,0,0,0,0,NA,NA,NA,NA,NA,NA
"111",111,111,"ɑ","aah",0,0,0,0,0,0,NA,NA,NA,NA,NA,NA
"112",112,112,"ɑ","ach",0,0,0,0,0,0,NA,NA,NA,NA,NA,NA
"113",113,113,"ɑ","ah",0,0,0,0,0,0,NA,NA,NA,NA,NA,NA
"114",114,114,"ɑ","au",0,0,0,0,0,0,NA,NA,NA,NA,NA,NA
"115",115,115,"ɑ","au_e",0,0,0,0,0,0,NA,NA,NA,NA,NA,NA
"116",116,116,"ɑ","aw",0,0,0,0,0,0,NA,NA,NA,NA,NA,NA
"117",117,117,"ɑ","e",0,0,0,0,0,0,NA,NA,NA,NA,NA,NA
"118",118,118,"ɑ","ea",0,0,0,0,0,0,NA,NA,NA,NA,NA,NA
"119",119,119,"ɑ","ho",0,0,0,0,0,0,NA,NA,NA,NA,NA,NA
"120",120,120,"ɑ","i",0,0,0,0,0,0,NA,NA,NA,NA,NA,NA
"121",121,121,"ɑ","i_e",0,0,0,0,0,0,NA,NA,NA,NA,NA,NA
"122",122,122,"ɑ","o",0,0,1,1,0,2,NA,NA,Inf,0.301029995663981,NA,0.477121254719662
"123",123,123,"ɑ","o_e",0,0,0,0,0,0,NA,NA,NA,NA,NA,NA
"124",124,124,"ɑ","oh",0,0,0,0,0,0,NA,NA,NA,NA,NA,NA
"125",125,125,"ɑ","ou",0,0,0,0,0,0,NA,NA,NA,NA,NA,NA
"126",126,126,"ɑ","ow",0,0,0,0,0,0,NA,NA,NA,NA,NA,NA
"127",127,127,"b","b",9,0,0,0,0,9,Inf,NA,NA,NA,NA,Inf
"128",128,128,"b","bb",0,0,0,0,0,0,NA,NA,NA,NA,NA,NA
"129",129,129,"b","br",0,0,0,0,0,0,NA,NA,NA,NA,NA,NA
"130",130,130,"b","pb",0,0,0,0,0,0,NA,NA,NA,NA,NA,NA
"131",131,131,"ɔ","a",0,0,0,0,0,0,NA,NA,NA,NA,NA,NA
"132",132,132,"ɔ","a_e",0,0,0,0,0,0,NA,NA,NA,NA,NA,NA
"133",133,133,"ɔ","ao",0,0,0,0,0,0,NA,NA,NA,NA,NA,NA
"134",134,134,"ɔ","au",0,0,0,0,0,0,NA,NA,NA,NA,NA,NA
"135",135,135,"ɔ","au_e",0,0,0,0,0,0,NA,NA,NA,NA,NA,NA
"136",136,136,"ɔ","augh",0,0,0,0,0,0,NA,NA,NA,NA,NA,NA
"137",137,137,"ɔ","aw",0,0,0,0,0,0,NA,NA,NA,NA,NA,NA
"138",138,138,"ɔ","awe",0,0,0,0,0,0,NA,NA,NA,NA,NA,NA
"139",139,139,"ɔ","eo",0,0,0,0,0,0,NA,NA,NA,NA,NA,NA
"140",140,140,"ɔ","eo_e",0,0,0,0,0,0,NA,NA,NA,NA,NA,NA
"141",141,141,"ɔ","hau",0,0,0,0,0,0,NA,NA,NA,NA,NA,NA
"142",142,142,"ɔ","o",0,0,0,0,0,0,NA,NA,NA,NA,NA,NA
"143",143,143,"ɔ","o_e",0,0,0,0,0,0,NA,NA,NA,NA,NA,NA
"144",144,144,"ɔ","oa",0,0,0,0,0,0,NA,NA,NA,NA,NA,NA
"145",145,145,"ɔ","oa_e",0,0,0,0,0,0,NA,NA,NA,NA,NA,NA
"146",146,146,"ɔ","oo",0,0,0,0,0,0,NA,NA,NA,NA,NA,NA
"147",147,147,"ɔ","oo_e",0,0,0,0,0,0,NA,NA,NA,NA,NA,NA
"148",148,148,"ɔ","ou",0,0,0,0,0,0,NA,NA,NA,NA,NA,NA
"149",149,149,"ɔ","ou_e",0,0,0,0,0,0,NA,NA,NA,NA,NA,NA
"150",150,150,"ɔ","ough",0,0,0,0,0,0,NA,NA,NA,NA,NA,NA
"151",151,151,"tʃ","c",0,0,0,0,0,0,NA,NA,NA,NA,NA,NA
"152",152,152,"tʃ","cc",0,0,0,0,0,0,NA,NA,NA,NA,NA,NA
"153",153,153,"tʃ","ch",0,0,0,0,1,1,NA,NA,NA,NA,Inf,Inf
"154",154,154,"tʃ","ci",0,0,0,0,0,0,NA,NA,NA,NA,NA,NA
"155",155,155,"tʃ","t",0,0,0,0,0,0,NA,NA,NA,NA,NA,NA
"156",156,156,"tʃ","tch",0,0,0,0,0,0,NA,NA,NA,NA,NA,NA
"157",157,157,"tʃ","ti",0,0,0,0,0,0,NA,NA,NA,NA,NA,NA
"158",158,158,"d","d",2,1,0,1,6,10,Inf,Inf,NA,Inf,Inf,Inf
"159",159,159,"d","dd",0,1,0,0,0,1,NA,Inf,NA,NA,NA,Inf
"160",160,160,"d","ddh",0,0,0,0,0,0,NA,NA,NA,NA,NA,NA
"161",161,161,"d","ed",0,0,0,0,0,0,NA,NA,NA,NA,NA,NA
"162",162,162,"d","ld",0,0,0,0,0,0,NA,NA,NA,NA,NA,NA
"163",163,163,"ð","th",0,1,0,0,0,1,NA,Inf,NA,NA,NA,Inf
"164",164,164,"ə","_e",0,0,0,0,0,0,NA,NA,NA,NA,NA,NA
"165",165,165,"ə","a",0,0,0,0,0,0,0,NA,NA,NA,0,0
"166",166,166,"ə","a_e",0,0,0,0,0,0,NA,NA,NA,NA,NA,NA
"167",167,167,"ə","ae",0,0,0,0,0,0,NA,NA,NA,NA,NA,NA
"168",168,168,"ə","ah",0,0,0,0,0,0,NA,NA,NA,NA,NA,NA
"169",169,169,"ə","ai",0,0,0,0,0,0,NA,NA,NA,NA,NA,NA
"170",170,170,"ə","au",0,0,0,0,0,0,NA,NA,NA,NA,NA,NA
"171",171,171,"ə","au_e",0,0,0,0,0,0,NA,NA,NA,NA,NA,NA
"172",172,172,"ə","e",0,0,1,0,0,1,NA,NA,Inf,NA,NA,Inf
"173",173,173,"ə","e_e",0,0,0,0,0,0,NA,NA,NA,NA,NA,NA
"174",174,174,"ə","ea",0,0,0,0,0,0,NA,NA,NA,NA,NA,NA
"175",175,175,"ə","ea_e",0,0,0,0,0,0,NA,NA,NA,NA,NA,NA
"176",176,176,"ə","ei",0,0,0,0,0,0,NA,NA,NA,NA,NA,NA
"177",177,177,"ə","eo",0,0,0,0,0,0,NA,NA,NA,NA,NA,NA
"178",178,178,"ə","eou",0,0,0,0,0,0,NA,NA,NA,NA,NA,NA
"179",179,179,"ə","ha",0,0,0,0,0,0,NA,NA,NA,NA,NA,NA
"180",180,180,"ə","he",0,0,0,0,0,0,NA,NA,NA,NA,NA,NA
"181",181,181,"ə","hi",0,0,0,0,0,0,NA,NA,NA,NA,NA,NA
"182",182,182,"ə","ho",0,0,0,0,0,0,NA,NA,NA,NA,NA,NA
"183",183,183,"ə","i",0,0,0,0,0,0,NA,NA,NA,NA,NA,NA
"184",184,184,"ə","i_e",0,0,0,0,0,0,NA,NA,NA,NA,NA,NA
"185",185,185,"ə","ia",0,0,0,0,0,0,NA,NA,NA,NA,NA,NA
"186",186,186,"ə","ia_e",0,0,0,0,0,0,NA,NA,NA,NA,NA,NA
"187",187,187,"ə","ie",0,0,0,0,0,0,NA,NA,NA,NA,NA,NA
"188",188,188,"ə","o",0,0,0,0,0,0,NA,NA,NA,NA,NA,NA
"189",189,189,"ə","o_e",0,0,0,0,0,0,NA,NA,NA,NA,NA,NA
"190",190,190,"ə","oi",0,0,0,0,0,0,NA,NA,NA,NA,NA,NA
"191",191,191,"ə","oi_e",0,0,0,0,0,0,NA,NA,NA,NA,NA,NA
"192",192,192,"ə","on",0,0,0,0,0,0,NA,NA,NA,NA,NA,NA
"193",193,193,"ə","ou",0,0,0,0,0,0,NA,NA,NA,NA,NA,NA
"194",194,194,"ə","u",0,0,0,0,0,0,NA,NA,NA,NA,NA,NA
"195",195,195,"ə","u_e",0,0,0,0,0,0,NA,NA,NA,NA,NA,NA
"196",196,196,"ə","ua",0,0,0,0,0,0,NA,NA,NA,NA,NA,NA
"197",197,197,"ə","ui",0,0,0,0,0,0,NA,NA,NA,NA,NA,NA
"198",198,198,"ə","y",0,0,0,0,0,0,NA,NA,NA,NA,NA,NA
"199",199,199,"ɛ","a",0,0,0,0,0,0,NA,NA,NA,NA,NA,NA
"200",200,200,"ɛ","a_e",0,0,0,0,0,0,NA,NA,NA,NA,NA,NA
"201",201,201,"ɛ","aa",0,0,0,0,0,0,NA,NA,NA,NA,NA,NA
"202",202,202,"ɛ","ae",0,0,0,0,0,0,NA,NA,NA,NA,NA,NA
"203",203,203,"ɛ","ah",0,0,0,0,0,0,NA,NA,NA,NA,NA,NA
"204",204,204,"ɛ","ai",0,0,0,0,0,0,NA,NA,NA,NA,NA,NA
"205",205,205,"ɛ","ai_e",0,0,0,0,0,0,NA,NA,NA,NA,NA,NA
"206",206,206,"ɛ","ay",0,0,0,0,0,0,NA,NA,NA,NA,NA,NA
"207",207,207,"ɛ","aye",0,0,0,0,0,0,NA,NA,NA,NA,NA,NA
"208",208,208,"ɛ","e",0,0,5,0,0,5,NA,NA,Inf,0,NA,0.778151250383644
"209",209,209,"ɛ","e_e",0,0,0,0,0,0,NA,NA,NA,NA,NA,NA
"210",210,210,"ɛ","ea",0,0,0,0,0,0,NA,NA,NA,NA,NA,NA
"211",211,211,"ɛ","ea_e",0,0,0,0,0,0,NA,NA,NA,NA,NA,NA
"212",212,212,"ɛ","eh",0,0,0,0,0,0,NA,NA,NA,NA,NA,NA
"213",213,213,"ɛ","ei",0,0,0,0,0,0,NA,NA,NA,NA,NA,NA
"214",214,214,"ɛ","eo",0,0,0,0,0,0,NA,NA,NA,NA,NA,NA
"215",215,215,"ɛ","hei",0,0,0,0,0,0,NA,NA,NA,NA,NA,NA
"216",216,216,"ɛ","ie",0,0,0,0,0,0,NA,NA,NA,NA,NA,NA
"217",217,217,"ɛ","u",0,0,0,0,0,0,NA,NA,NA,NA,NA,NA
"218",218,218,"f","f",3,0,0,0,0,3,Inf,NA,NA,NA,NA,Inf
"219",219,219,"f","ff",0,0,0,0,0,0,NA,NA,NA,NA,NA,NA
"220",220,220,"f","ft",0,0,0,0,0,0,NA,NA,NA,NA,NA,NA
"221",221,221,"f","gh",0,0,0,0,0,0,NA,NA,NA,NA,NA,NA
"222",222,222,"f","lf",0,0,0,0,0,0,NA,NA,NA,NA,NA,NA
"223",223,223,"f","ph",0,0,0,0,0,0,NA,NA,NA,NA,NA,NA
"224",224,224,"f","pph",0,0,0,0,0,0,NA,NA,NA,NA,NA,NA
"225",225,225,"g","g",1,0,1,0,2,4,Inf,NA,Inf,NA,Inf,Inf
"226",226,226,"g","gg",0,1,0,0,0,1,NA,Inf,NA,NA,NA,Inf
"227",227,227,"g","gh",0,0,0,0,0,0,NA,NA,NA,NA,NA,NA
"228",228,228,"g","gu",0,0,0,0,0,0,NA,NA,NA,NA,NA,NA
"229",229,229,"dʒ","d",0,0,0,0,0,0,NA,NA,NA,NA,NA,NA
"230",230,230,"dʒ","dg",0,0,0,0,0,0,NA,NA,NA,NA,NA,NA
"231",231,231,"dʒ","di",0,0,0,0,0,0,NA,NA,NA,NA,NA,NA
"232",232,232,"dʒ","dj",0,0,0,0,0,0,NA,NA,NA,NA,NA,NA
"233",233,233,"dʒ","g",0,0,0,0,0,0,NA,NA,NA,NA,NA,NA
"234",234,234,"dʒ","gg",0,0,0,0,0,0,NA,NA,NA,NA,NA,NA
"235",235,235,"dʒ","gi",0,0,0,0,0,0,NA,NA,NA,NA,NA,NA
"236",236,236,"dʒ","j",0,0,0,0,0,0,NA,NA,NA,NA,NA,NA
"237",237,237,"gz","x",0,0,0,0,0,0,NA,NA,NA,NA,NA,NA
"238",238,238,"h","h",1,0,0,0,0,1,0.301029995663981,NA,NA,NA,NA,0.301029995663981
"239",239,239,"h","j",0,0,0,0,0,0,NA,NA,NA,NA,NA,NA
"240",240,240,"h","wh",0,0,0,0,0,0,NA,NA,NA,NA,NA,NA
"241",241,241,"i","a",0,0,0,0,0,0,NA,NA,NA,NA,NA,NA
"242",242,242,"i","ae",0,0,0,0,0,0,NA,NA,NA,NA,NA,NA
"243",243,243,"i","ay",0,0,0,0,0,0,NA,NA,NA,NA,NA,NA
"244",244,244,"i","e",0,0,0,0,1,1,NA,NA,NA,NA,Inf,Inf
"245",245,245,"i","e_e",0,0,0,0,0,0,NA,NA,NA,NA,NA,NA
"246",246,246,"i","ea",4,0,0,0,0,4,Inf,NA,NA,NA,NA,Inf
"247",247,247,"i","ea_e",0,0,0,0,0,0,NA,NA,NA,NA,NA,NA
"248",248,248,"i","ee",0,0,1,0,1,2,NA,NA,Inf,NA,Inf,Inf
"249",249,249,"i","ee_e",0,0,0,0,0,0,NA,NA,NA,NA,NA,NA
"250",250,250,"i","ei",0,0,0,0,0,0,NA,NA,NA,NA,NA,NA
"251",251,251,"i","ei_e",0,0,0,0,0,0,NA,NA,NA,NA,NA,NA
"252",252,252,"i","eo",0,0,0,0,0,0,NA,NA,NA,NA,NA,NA
"253",253,253,"i","ey",0,0,0,0,0,0,NA,NA,NA,NA,NA,NA
"254",254,254,"i","i",0,0,0,0,0,0,NA,NA,NA,NA,NA,NA
"255",255,255,"i","i_e",0,0,0,0,0,0,NA,NA,NA,NA,NA,NA
"256",256,256,"i","ie",0,0,0,0,0,0,NA,NA,NA,NA,NA,NA
"257",257,257,"i","ie_e",0,0,0,0,0,0,NA,NA,NA,NA,NA,NA
"258",258,258,"i","is",0,0,0,0,0,0,NA,NA,NA,NA,NA,NA
"259",259,259,"i","oe",0,0,0,0,0,0,NA,NA,NA,NA,NA,NA
"260",260,260,"i","y",0,0,0,0,3,3,NA,NA,NA,NA,0.602059991327962,0.602059991327962
"261",261,261,"j","i",0,0,0,0,0,0,NA,NA,NA,NA,NA,NA
"262",262,262,"j","ill",0,0,0,0,0,0,NA,NA,NA,NA,NA,NA
"263",263,263,"j","j",0,0,0,0,0,0,NA,NA,NA,NA,NA,NA
"264",264,264,"j","ll",0,0,0,0,0,0,NA,NA,NA,NA,NA,NA
"265",265,265,"j","y",1,0,0,0,0,1,Inf,NA,NA,NA,NA,Inf
"266",266,266,"jɚ","u",0,0,0,0,0,0,NA,NA,NA,NA,NA,NA
"267",267,267,"jɚ","u_e",0,0,0,0,0,0,NA,NA,NA,NA,NA,NA
"268",268,268,"jə","u",0,0,0,0,0,0,NA,NA,NA,NA,NA,NA
"269",269,269,"jə","ua",0,0,0,0,0,0,NA,NA,NA,NA,NA,NA
"270",270,270,"ju","eau",0,0,0,0,0,0,NA,NA,NA,NA,NA,NA
"271",271,271,"ju","eu",0,0,0,0,0,0,NA,NA,NA,NA,NA,NA
"272",272,272,"ju","eue",0,0,0,0,0,0,NA,NA,NA,NA,NA,NA
"273",273,273,"ju","ew",0,0,0,0,0,0,NA,NA,NA,NA,NA,NA
"274",274,274,"ju","ewe",0,0,0,0,0,0,NA,NA,NA,NA,NA,NA
"275",275,275,"ju","hu",0,0,0,0,0,0,NA,NA,NA,NA,NA,NA
"276",276,276,"ju","ou",0,0,0,0,0,0,NA,NA,NA,NA,NA,NA
"277",277,277,"ju","u",0,0,0,0,0,0,NA,NA,NA,NA,NA,NA
"278",278,278,"ju","u_e",0,0,0,0,0,0,NA,NA,NA,NA,NA,NA
"279",279,279,"ju","ua",0,0,0,0,0,0,NA,NA,NA,NA,NA,NA
"280",280,280,"ju","ue",0,0,0,0,0,0,NA,NA,NA,NA,NA,NA
"281",281,281,"ju","ugh",0,0,0,0,0,0,NA,NA,NA,NA,NA,NA
"282",282,282,"ju","ui",0,0,0,0,0,0,NA,NA,NA,NA,NA,NA
"283",283,283,"ju","ut",0,0,0,0,0,0,NA,NA,NA,NA,NA,NA
"284",284,284,"ju","uu",0,0,0,0,0,0,NA,NA,NA,NA,NA,NA
"285",285,285,"jʊ","eu",0,0,0,0,0,0,NA,NA,NA,NA,NA,NA
"286",286,286,"jʊ","u",0,0,0,0,0,0,NA,NA,NA,NA,NA,NA
"287",287,287,"jʊ","u_e",0,0,0,0,0,0,NA,NA,NA,NA,NA,NA
"288",288,288,"k","c",1,0,0,0,0,1,Inf,NA,NA,NA,NA,Inf
"289",289,289,"k","cc",0,0,0,0,0,0,NA,NA,NA,NA,NA,NA
"290",290,290,"k","cch",0,0,0,0,0,0,NA,NA,NA,NA,NA,NA
"291",291,291,"k","ch",0,0,0,0,0,0,NA,NA,NA,NA,NA,NA
"292",292,292,"k","ck",0,0,0,0,1,1,NA,NA,NA,NA,Inf,Inf
"293",293,293,"k","cq",0,0,0,0,0,0,NA,NA,NA,NA,NA,NA
"294",294,294,"k","k",1,0,0,0,0,1,Inf,NA,NA,NA,NA,Inf
"295",295,295,"k","kh",0,0,0,0,0,0,NA,NA,NA,NA,NA,NA
"296",296,296,"k","kk",0,0,0,0,0,0,NA,NA,NA,NA,NA,NA
"297",297,297,"k","lk",0,0,0,0,0,0,NA,NA,NA,NA,NA,NA
"298",298,298,"k","q",0,0,0,0,0,0,NA,NA,NA,NA,NA,NA
"299",299,299,"k","qu",0,0,0,0,0,0,NA,NA,NA,NA,NA,NA
"300",300,300,"k","x",0,0,0,0,0,0,NA,NA,NA,NA,NA,NA
"301",301,301,"ks","x",0,0,0,0,0,0,NA,NA,NA,NA,NA,NA
"302",302,302,"kʃ","x",0,0,0,0,0,0,NA,NA,NA,NA,NA,NA
"303",303,303,"kʃ","xi",0,0,0,0,0,0,NA,NA,NA,NA,NA,NA
"304",304,304,"l","l",2,0,0,0,0,2,Inf,NA,NA,NA,NA,Inf
"305",305,305,"l","ll",0,0,0,0,1,1,NA,0,NA,NA,Inf,0.301029995663981
"306",306,306,"l","sl",0,0,0,0,0,0,NA,NA,NA,NA,NA,NA
"307",307,307,"m","gm",0,0,0,0,0,0,NA,NA,NA,NA,NA,NA
"308",308,308,"m","lm",0,0,0,0,0,0,NA,NA,NA,NA,NA,NA
"309",309,309,"m","m",5,1,0,0,2,8,0.544068044350276,0.301029995663981,NA,NA,Inf,0.564271430438568
"310",310,310,"m","mb",0,0,0,0,0,0,NA,NA,NA,NA,NA,NA
"311",311,311,"m","mm",0,0,0,0,0,0,NA,0,NA,NA,NA,0
"312",312,312,"m","mn",0,0,0,0,0,0,NA,NA,NA,NA,NA,NA
"313",313,313,"m","thm",0,0,0,0,0,0,NA,NA,NA,NA,NA,NA
"314",314,314,"n","dn",0,0,0,0,0,0,NA,NA,NA,NA,NA,NA
"315",315,315,"n","gn",0,0,0,0,0,0,NA,NA,NA,NA,NA,NA
"316",316,316,"n","kn",0,0,0,0,0,0,NA,NA,NA,NA,NA,NA
"317",317,317,"n","ln",0,0,0,0,0,0,NA,NA,NA,NA,NA,NA
"318",318,318,"n","mn",0,0,0,0,0,0,NA,NA,NA,NA,NA,NA
"319",319,319,"n","n",1,0,5,0,2,8,0.301029995663981,NA,Inf,NA,0.477121254719662,0.698970004336019
"320",320,320,"n","nn",0,0,0,0,0,0,NA,NA,NA,NA,NA,NA
"321",321,321,"n","pn",0,0,0,0,0,0,NA,NA,NA,NA,NA,NA
"322",322,322,"ŋ","n",0,0,0,0,0,0,NA,NA,NA,NA,NA,NA
"323",323,323,"ŋ","nd",0,0,0,0,0,0,NA,NA,NA,NA,NA,NA
"324",324,324,"ŋ","ng",0,0,0,0,1,1,NA,NA,NA,NA,Inf,Inf
"325",325,325,"ŋ","ngu",0,0,0,0,0,0,NA,NA,NA,NA,NA,NA
"326",326,326,"nj","gn",0,0,0,0,0,0,NA,NA,NA,NA,NA,NA
"327",327,327,"nj","n",0,0,0,0,0,0,NA,NA,NA,NA,NA,NA
"328",328,328,"oʊ","aoh",0,0,0,0,0,0,NA,NA,NA,NA,NA,NA
"329",329,329,"oʊ","au",0,0,0,0,0,0,NA,NA,NA,NA,NA,NA
"330",330,330,"oʊ","au_e",0,0,0,0,0,0,NA,NA,NA,NA,NA,NA
"331",331,331,"oʊ","aux",0,0,0,0,0,0,NA,NA,NA,NA,NA,NA
"332",332,332,"oʊ","eau",0,0,0,0,0,0,NA,NA,NA,NA,NA,NA
"333",333,333,"oʊ","eaux",0,0,0,0,0,0,NA,NA,NA,NA,NA,NA
"334",334,334,"oʊ","eou",0,0,0,0,0,0,NA,NA,NA,NA,NA,NA
"335",335,335,"oʊ","ew",0,0,0,0,0,0,NA,NA,NA,NA,NA,NA
"336",336,336,"oʊ","o",0,0,0,0,0,0,NA,NA,NA,NA,0,0
"337",337,337,"oʊ","o_e",0,0,0,0,0,0,NA,NA,NA,NA,NA,NA
"338",338,338,"oʊ","oa",0,0,0,0,0,0,NA,NA,NA,NA,NA,NA
"339",339,339,"oʊ","oa_e",0,0,0,0,0,0,NA,NA,NA,NA,NA,NA
"340",340,340,"oʊ","oe",0,0,0,0,0,0,NA,NA,NA,NA,NA,NA
"341",341,341,"oʊ","oh",0,0,0,0,0,0,NA,NA,NA,NA,NA,NA
"342",342,342,"oʊ","oo",0,0,0,0,0,0,NA,NA,NA,NA,NA,NA
"343",343,343,"oʊ","os",0,0,0,0,0,0,NA,NA,NA,NA,NA,NA
"344",344,344,"oʊ","ot",0,0,0,0,0,0,NA,NA,NA,NA,NA,NA
"345",345,345,"oʊ","ou",0,0,0,0,0,0,NA,NA,NA,NA,NA,NA
"346",346,346,"oʊ","ou_e",0,0,0,0,0,0,NA,NA,NA,NA,NA,NA
"347",347,347,"oʊ","ough",0,0,0,0,0,0,NA,NA,NA,NA,NA,NA
"348",348,348,"oʊ","ow",0,0,0,0,0,0,NA,NA,NA,NA,NA,NA
"349",349,349,"oʊ","owe",0,0,0,0,0,0,NA,NA,NA,NA,NA,NA
"350",350,350,"aʊ","ao",0,0,0,0,0,0,NA,NA,NA,NA,NA,NA
"351",351,351,"aʊ","au",0,0,0,0,0,0,NA,NA,NA,NA,NA,NA
"352",352,352,"aʊ","ho",0,0,0,0,0,0,NA,NA,NA,NA,NA,NA
"353",353,353,"aʊ","hou",0,0,0,0,0,0,NA,NA,NA,NA,NA,NA
"354",354,354,"aʊ","o",0,0,0,0,0,0,NA,NA,NA,NA,NA,NA
"355",355,355,"aʊ","ou",1,0,0,0,0,1,Inf,NA,NA,NA,NA,Inf
"356",356,356,"aʊ","ou_e",0,0,0,0,0,0,NA,NA,NA,NA,NA,NA
"357",357,357,"aʊ","ough",0,0,0,0,0,0,NA,NA,NA,NA,NA,NA
"358",358,358,"aʊ","ow",0,0,0,0,0,0,NA,NA,NA,NA,NA,NA
"359",359,359,"aʊ","ow_e",0,0,0,0,0,0,NA,NA,NA,NA,NA,NA
"360",360,360,"aʊ","owe",0,0,0,0,0,0,NA,NA,NA,NA,NA,NA
"361",361,361,"p","bp",0,0,0,0,0,0,NA,NA,NA,NA,NA,NA
"362",362,362,"p","gh",0,0,0,0,0,0,NA,NA,NA,NA,NA,NA
"363",363,363,"p","p",1,0,0,0,1,2,Inf,NA,NA,NA,Inf,Inf
"364",364,364,"p","pp",0,0,0,0,0,0,NA,NA,NA,NA,NA,NA
"365",365,365,"ɹ","lo",0,0,0,0,0,0,NA,NA,NA,NA,NA,NA
"366",366,366,"ɹ","o",0,0,0,0,0,0,NA,NA,NA,NA,NA,NA
"367",367,367,"ɹ","or",0,0,0,0,0,0,NA,NA,NA,NA,NA,NA
"368",368,368,"ɹ","r",0,0,7,0,3,10,NA,NA,Inf,NA,Inf,Inf
"369",369,369,"ɹ","ra",0,0,0,0,0,0,NA,NA,NA,NA,NA,NA
"370",370,370,"ɹ","rh",0,0,0,0,0,0,NA,NA,NA,NA,NA,NA
"371",371,371,"ɹ","ro",0,0,0,0,0,0,NA,NA,NA,NA,NA,NA
"372",372,372,"ɹ","rps",0,0,0,0,0,0,NA,NA,NA,NA,NA,NA
"373",373,373,"ɹ","rr",0,0,0,0,0,0,NA,NA,NA,NA,NA,NA
"374",374,374,"ɹ","rrh",0,0,0,0,0,0,NA,NA,NA,NA,NA,NA
"375",375,375,"ɹ","rt",0,0,0,0,0,0,NA,NA,NA,NA,NA,NA
"376",376,376,"ɹ","wr",0,0,0,0,0,0,NA,NA,NA,NA,NA,NA
"377",377,377,"s","c",0,0,0,0,0,0,NA,NA,NA,NA,NA,NA
"378",378,378,"s","es",0,0,0,0,0,0,NA,NA,NA,NA,NA,NA
"379",379,379,"s","ps",0,0,0,0,0,0,NA,NA,NA,NA,NA,NA
"380",380,380,"s","s",1,0,1,0,3,5,Inf,NA,Inf,NA,Inf,Inf
"381",381,381,"s","sc",0,0,0,0,0,0,NA,NA,NA,NA,NA,NA
"382",382,382,"s","ss",0,0,0,0,0,0,NA,NA,NA,NA,NA,NA
"383",383,383,"s","st",0,0,0,0,0,0,NA,NA,NA,NA,NA,NA
"384",384,384,"s","sw",0,0,0,0,0,0,NA,NA,NA,NA,NA,NA
"385",385,385,"s","ts",0,0,0,0,0,0,NA,NA,NA,NA,NA,NA
"386",386,386,"s","tz",0,0,0,0,0,0,NA,NA,NA,NA,NA,NA
"387",387,387,"s","z",0,0,0,0,0,0,NA,NA,NA,NA,NA,NA
"388",388,388,"ʃ","c",0,0,0,0,0,0,NA,NA,NA,NA,NA,NA
"389",389,389,"ʃ","ch",0,0,0,0,0,0,NA,NA,NA,NA,NA,NA
"390",390,390,"ʃ","chs",0,0,0,0,0,0,NA,NA,NA,NA,NA,NA
"391",391,391,"ʃ","ci",0,0,0,0,0,0,NA,NA,NA,NA,NA,NA
"392",392,392,"ʃ","s",0,0,0,0,0,0,NA,NA,NA,NA,NA,NA
"393",393,393,"ʃ","sc",0,0,0,0,0,0,NA,NA,NA,NA,NA,NA
"394",394,394,"ʃ","sch",0,0,0,0,0,0,NA,NA,NA,NA,NA,NA
"395",395,395,"ʃ","sci",0,0,0,0,0,0,NA,NA,NA,NA,NA,NA
"396",396,396,"ʃ","sh",0,0,0,0,0,0,NA,NA,NA,NA,NA,NA
"397",397,397,"ʃ","shh",0,0,0,0,0,0,NA,NA,NA,NA,NA,NA
"398",398,398,"ʃ","shi",0,0,0,0,0,0,NA,NA,NA,NA,NA,NA
"399",399,399,"ʃ","si",0,0,0,0,0,0,NA,NA,NA,NA,NA,NA
"400",400,400,"ʃ","ss",0,0,0,0,0,0,NA,NA,NA,NA,NA,NA
"401",401,401,"ʃ","ssi",0,0,0,0,0,0,NA,NA,NA,NA,NA,NA
"402",402,402,"ʃ","t",0,0,0,0,0,0,NA,NA,NA,NA,NA,NA
"403",403,403,"ʃ","ti",0,0,0,0,0,0,NA,NA,NA,NA,NA,NA
"404",404,404,"ʃ","xi",0,0,0,0,0,0,NA,NA,NA,NA,NA,NA
"405",405,405,"t","bt",0,0,0,0,0,0,NA,NA,NA,NA,NA,NA
"406",406,406,"t","ct",0,0,0,0,0,0,NA,NA,NA,NA,NA,NA
"407",407,407,"t","d",0,0,0,0,0,0,NA,NA,NA,NA,NA,NA
"408",408,408,"t","dt",0,0,0,0,0,0,NA,NA,NA,NA,NA,NA
"409",409,409,"t","ed",0,0,0,0,0,0,NA,NA,NA,NA,NA,NA
"410",410,410,"t","pt",0,0,0,0,0,0,NA,NA,NA,NA,NA,NA
"411",411,411,"t","t",2,3,1,0,6,12,Inf,Inf,Inf,NA,Inf,Inf
"412",412,412,"t","th",0,0,0,0,0,0,NA,NA,NA,NA,NA,NA
"413",413,413,"t","tt",0,2,0,0,0,2,NA,Inf,NA,NA,NA,Inf
"414",414,414,"t","z",0,0,0,0,0,0,NA,NA,NA,NA,NA,NA
"415",415,415,"θ","th",1,1,0,1,0,3,Inf,Inf,NA,Inf,NA,Inf
"416",416,416,"θ","tth",0,0,0,0,0,0,NA,NA,NA,NA,NA,NA
"417",417,417,"ts","z",0,0,0,0,0,0,NA,NA,NA,NA,NA,NA
"418",418,418,"u","eu",0,0,0,0,0,0,NA,NA,NA,NA,NA,NA
"419",419,419,"u","eu_e",0,0,0,0,0,0,NA,NA,NA,NA,NA,NA
"420",420,420,"u","ew",0,0,0,0,0,0,NA,NA,NA,NA,NA,NA
"421",421,421,"u","ewe",0,0,0,0,0,0,NA,NA,NA,NA,NA,NA
"422",422,422,"u","ieu",0,0,0,0,0,0,NA,NA,NA,NA,NA,NA
"423",423,423,"u","ioux",0,0,0,0,0,0,NA,NA,NA,NA,NA,NA
"424",424,424,"u","o",0,0,0,0,0,0,NA,NA,NA,NA,NA,NA
"425",425,425,"u","o_e",0,0,0,0,0,0,NA,NA,NA,NA,NA,NA
"426",426,426,"u","oe",0,0,0,0,0,0,NA,NA,NA,NA,NA,NA
"427",427,427,"u","oo",0,0,2,0,0,2,NA,NA,Inf,NA,NA,Inf
"428",428,428,"u","oo_e",0,0,0,0,0,0,NA,NA,NA,NA,NA,NA
"429",429,429,"u","ooh",0,0,0,0,0,0,NA,NA,NA,NA,NA,NA
"430",430,430,"u","ou",0,0,0,0,0,0,NA,NA,NA,NA,NA,NA
"431",431,431,"u","ou_e",0,0,0,0,0,0,NA,NA,NA,NA,NA,NA
"432",432,432,"u","ough",0,0,0,0,0,0,NA,NA,NA,NA,NA,NA
"433",433,433,"u","oup",0,0,0,0,0,0,NA,NA,NA,NA,NA,NA
"434",434,434,"u","ous",0,0,0,0,0,0,NA,NA,NA,NA,NA,NA
"435",435,435,"u","u",0,0,0,0,0,0,NA,NA,NA,NA,NA,NA
"436",436,436,"u","u_e",0,0,0,0,0,0,NA,NA,NA,NA,NA,NA
"437",437,437,"u","ua",0,0,0,0,0,0,NA,NA,NA,NA,NA,NA
"438",438,438,"u","ue",0,0,0,0,0,0,NA,NA,NA,NA,NA,NA
"439",439,439,"u","ui",0,0,0,0,0,0,NA,NA,NA,NA,NA,NA
"440",440,440,"u","ui_e",0,0,0,0,0,0,NA,NA,NA,NA,NA,NA
"441",441,441,"u","wo",0,0,0,0,1,1,NA,NA,NA,NA,Inf,Inf
"442",442,442,"ʊ","eu",0,0,0,0,0,0,NA,NA,NA,NA,NA,NA
"443",443,443,"ʊ","o",0,0,0,0,0,0,NA,NA,NA,NA,NA,NA
"444",444,444,"ʊ","oo",0,0,1,0,0,1,NA,NA,Inf,NA,NA,Inf
"445",445,445,"ʊ","ou",0,0,0,0,0,0,NA,NA,NA,NA,NA,NA
"446",446,446,"ʊ","ow",0,0,0,0,0,0,NA,NA,NA,NA,NA,NA
"447",447,447,"ʊ","u",0,0,0,0,0,0,NA,NA,NA,NA,NA,NA
"448",448,448,"ʊ","u_e",0,0,0,0,0,0,NA,NA,NA,NA,NA,NA
"449",449,449,"ʊ","uo",0,0,0,0,0,0,NA,NA,NA,NA,NA,NA
"450",450,450,"v","f",0,0,0,0,0,0,NA,NA,NA,NA,NA,NA
"451",451,451,"v","lv",0,0,0,0,0,0,NA,NA,NA,NA,NA,NA
"452",452,452,"v","ph",0,0,0,0,0,0,NA,NA,NA,NA,NA,NA
"453",453,453,"v","v",0,0,0,0,0,0,NA,NA,NA,NA,NA,NA
"454",454,454,"v","vv",0,0,0,0,0,0,NA,NA,NA,NA,NA,NA
"455",455,455,"w","ju",0,0,0,0,0,0,NA,NA,NA,NA,NA,NA
"456",456,456,"w","o",2,0,0,0,0,2,Inf,NA,NA,NA,NA,Inf
"457",457,457,"w","ou",0,0,0,0,0,0,NA,NA,NA,NA,NA,NA
"458",458,458,"w","u",0,0,0,0,0,0,NA,NA,NA,NA,NA,NA
"459",459,459,"w","w",4,0,0,0,0,4,Inf,NA,NA,NA,NA,Inf
"460",460,460,"w","wh",0,0,0,0,0,0,NA,NA,NA,NA,NA,NA
"461",461,461,"z","cs",0,0,0,0,0,0,NA,NA,NA,NA,NA,NA
"462",462,462,"z","cz",0,0,0,0,0,0,NA,NA,NA,NA,NA,NA
"463",463,463,"z","ds",0,0,0,0,0,0,NA,NA,NA,NA,NA,NA
"464",464,464,"z","es",0,0,0,0,0,0,NA,NA,NA,NA,NA,NA
"465",465,465,"z","s",0,0,0,0,2,2,NA,NA,NA,NA,Inf,Inf
"466",466,466,"z","si",0,0,0,0,0,0,NA,NA,NA,NA,NA,NA
"467",467,467,"z","ss",0,0,0,0,0,0,NA,NA,NA,NA,NA,NA
"468",468,468,"z","ts",0,0,0,0,0,0,NA,NA,NA,NA,NA,NA
"469",469,469,"z","tz",0,0,0,0,0,0,NA,NA,NA,NA,NA,NA
"470",470,470,"z","x",0,0,0,0,0,0,NA,NA,NA,NA,NA,NA
"471",471,471,"z","z",0,0,0,0,0,0,NA,NA,NA,NA,NA,NA
"472",472,472,"z","zz",0,0,0,0,0,0,NA,NA,NA,NA,NA,NA
"473",473,473,"ʒ","g",0,0,0,0,0,0,NA,NA,NA,NA,NA,NA
"474",474,474,"ʒ","j",0,0,0,0,0,0,NA,NA,NA,NA,NA,NA
"475",475,475,"ʒ","s",0,0,0,0,0,0,NA,NA,NA,NA,NA,NA
"476",476,476,"ʒ","si",0,0,0,0,0,0,NA,NA,NA,NA,NA,NA
"477",477,477,"ʒ","ti",0,0,0,0,0,0,NA,NA,NA,NA,NA,NA
"478",478,478,"ʒ","z",0,0,0,0,0,0,NA,NA,NA,NA,NA,NA
